Application,Proceeding,ProceedingDocuments,ProceedingHome
29712-A003,29712,https://www2.auc.ab.ca/Proceeding29712/ProceedingDocuments/Forms/AllItems.aspx,https://www2.auc.ab.ca/Proceeding29712/SitePages/ManageApplications.aspx?AppNumber=29712-A003
29712-A001,29712,https://www2.auc.ab.ca/Proceeding29712/ProceedingDocuments/Forms/AllItems.aspx,https://www2.auc.ab.ca/Proceeding29712/SitePages/ManageApplications.aspx?AppNumber=29712-A001
29711-A003,29711,https://www2.auc.ab.ca/Proceeding29711/ProceedingDocuments/Forms/AllItems.aspx,https://www2.auc.ab.ca/Proceeding29711/SitePages/ManageApplications.aspx?AppNumber=29711-A003
29711-A001,29711,https://www2.auc.ab.ca/Proceeding29711/ProceedingDocuments/Forms/AllItems.aspx,https://www2.auc.ab.ca/Proceeding29711/SitePages/ManageApplications.aspx?AppNumber=29711-A001
29694-A001,29694,https://www2.auc.ab.ca/Proceeding29694/ProceedingDocuments/Forms/AllItems.aspx,https://www2.auc.ab.ca/Proceeding29694/SitePages/ManageApplications.aspx?AppNumber=29694-A001
29689-A001,29689,https://www2.auc.ab.ca/Proceeding29689/ProceedingDocuments/Forms/AllItems.aspx,https://www2.auc.ab.ca/Proceeding29689/SitePages/ManageApplications.aspx?AppNumber=29689-A001
29670-A001,29670,https://www2.auc.ab.ca/Proceeding29670/ProceedingDocuments/Forms/AllItems.aspx,https://www2.auc.ab.ca/Proceeding29670/SitePages/ManageApplications.aspx?AppNumber=29670-A001
29668-A001,29668,https://www2.auc.ab.ca/Proceeding29668/ProceedingDocuments/Forms/AllItems.aspx,https://www2.auc.ab.ca/Proceeding29668/SitePages/ManageApplications.aspx?AppNumber=29668-A001
29645-A001,29645,https://www2.auc.ab.ca/Proceeding29645/ProceedingDocuments/Forms/AllItems.aspx,https://www2.auc.ab.ca/Proceeding29645/SitePages/ManageApplications.aspx?AppNumber=29645-A001
29643-A001,29643,https://www2.auc.ab.ca/Proceeding29643/ProceedingDocuments/Forms/AllItems.aspx,https://www2.auc.ab.ca/Proceeding29643/SitePages/ManageApplications.aspx?AppNumber=29643-A001
29642-A001,29642,https://www2.auc.ab.ca/Proceeding29642/ProceedingDocuments/Forms/AllItems.aspx,https://www2.auc.ab.ca/Proceeding29642/SitePages/ManageApplications.aspx?AppNumber=29642-A001
29631-A001,29631,https://www2.auc.ab.ca/Proceeding29631/ProceedingDocuments/Forms/AllItems.aspx,https://www2.auc.ab.ca/Proceeding29631/SitePages/ManageApplications.aspx?AppNumber=29631-A001
29625-A001,29625,https://www2.auc.ab.ca/Proceeding29625/ProceedingDocuments/Forms/AllItems.aspx,https://www2.auc.ab.ca/Proceeding29625/SitePages/ManageApplications.aspx?AppNumber=29625-A001
29622-A001,29622,https://www2.auc.ab.ca/Proceeding29622/ProceedingDocuments/Forms/AllItems.aspx,https://www2.auc.ab.ca/Proceeding29622/SitePages/ManageApplications.aspx?AppNumber=29622-A001
29597-A001,29597,https://www2.auc.ab.ca/Proceeding29597/ProceedingDocuments/Forms/AllItems.aspx,https://www2.auc.ab.ca/Proceeding29597/SitePages/ManageApplications.aspx?AppNumber=29597-A001
29595-A001,29595,https://www2.auc.ab.ca/Proceeding29595/ProceedingDocuments/Forms/AllItems.aspx,https://www2.auc.ab.ca/Proceeding29595/SitePages/ManageApplications.aspx?AppNumber=29595-A001
29592-A001,29592,https://www2.auc.ab.ca/Proceeding29592/ProceedingDocuments/Forms/AllItems.aspx,https://www2.auc.ab.ca/Proceeding29592/SitePages/ManageApplications.aspx?AppNumber=29592-A001
28295-A002,28295,https://www2.auc.ab.ca/Proceeding28295/ProceedingDocuments/Forms/AllItems.aspx,https://www2.auc.ab.ca/Proceeding28295/SitePages/ManageApplications.aspx?AppNumber=28295-A002
29582-A001,29582,https://www2.auc.ab.ca/Proceeding29582/ProceedingDocuments/Forms/AllItems.aspx,https://www2.auc.ab.ca/Proceeding29582/SitePages/ManageApplications.aspx?AppNumber=29582-A001
29542-A001,29542,https://www2.auc.ab.ca/Proceeding29542/ProceedingDocuments/Forms/AllItems.aspx,https://www2.auc.ab.ca/Proceeding29542/SitePages/ManageApplications.aspx?AppNumber=29542-A001
29372-A001,29372,https://www2.auc.ab.ca/Proceeding29372/ProceedingDocuments/Forms/AllItems.aspx,https://www2.auc.ab.ca/Proceeding29372/SitePages/ManageApplications.aspx?AppNumber=29372-A001
29380-A001,29380,https://www2.auc.ab.ca/Proceeding29380/ProceedingDocuments/Forms/AllItems.aspx,https://www2.auc.ab.ca/Proceeding29380/SitePages/ManageApplications.aspx?AppNumber=29380-A001
29374-A001,29374,https://www2.auc.ab.ca/Proceeding29374/ProceedingDocuments/Forms/AllItems.aspx,https://www2.auc.ab.ca/Proceeding29374/SitePages/ManageApplications.aspx?AppNumber=29374-A001
29373-A001,29373,https://www2.auc.ab.ca/Proceeding29373/ProceedingDocuments/Forms/AllItems.aspx,https://www2.auc.ab.ca/Proceeding29373/SitePages/ManageApplications.aspx?AppNumber=29373-A001
29360-A005,29360,https://www2.auc.ab.ca/Proceeding29360/ProceedingDocuments/Forms/AllItems.aspx,https://www2.auc.ab.ca/Proceeding29360/SitePages/ManageApplications.aspx?AppNumber=29360-A005
29317-A001,29317,https://www2.auc.ab.ca/Proceeding29317/ProceedingDocuments/Forms/AllItems.aspx,https://www2.auc.ab.ca/Proceeding29317/SitePages/ManageApplications.aspx?AppNumber=29317-A001
29313-A001,29313,https://www2.auc.ab.ca/Proceeding29313/ProceedingDocuments/Forms/AllItems.aspx,https://www2.auc.ab.ca/Proceeding29313/SitePages/ManageApplications.aspx?AppNumber=29313-A001
29312-A001,29312,https://www2.auc.ab.ca/Proceeding29312/ProceedingDocuments/Forms/AllItems.aspx,https://www2.auc.ab.ca/Proceeding29312/SitePages/ManageApplications.aspx?AppNumber=29312-A001
29307-A001,29307,https://www2.auc.ab.ca/Proceeding29307/ProceedingDocuments/Forms/AllItems.aspx,https://www2.auc.ab.ca/Proceeding29307/SitePages/ManageApplications.aspx?AppNumber=29307-A001
29294-A002,29294,https://www2.auc.ab.ca/Proceeding29294/ProceedingDocuments/Forms/AllItems.aspx,https://www2.auc.ab.ca/Proceeding29294/SitePages/ManageApplications.aspx?AppNumber=29294-A002
29267-A001,29267,https://www2.auc.ab.ca/Proceeding29267/ProceedingDocuments/Forms/AllItems.aspx,https://www2.auc.ab.ca/Proceeding29267/SitePages/ManageApplications.aspx?AppNumber=29267-A001
29280-A001,29280,https://www2.auc.ab.ca/Proceeding29280/ProceedingDocuments/Forms/AllItems.aspx,https://www2.auc.ab.ca/Proceeding29280/SitePages/ManageApplications.aspx?AppNumber=29280-A001
29274-A001,29274,https://www2.auc.ab.ca/Proceeding29274/ProceedingDocuments/Forms/AllItems.aspx,https://www2.auc.ab.ca/Proceeding29274/SitePages/ManageApplications.aspx?AppNumber=29274-A001
29272-A001,29272,https://www2.auc.ab.ca/Proceeding29272/ProceedingDocuments/Forms/AllItems.aspx,https://www2.auc.ab.ca/Proceeding29272/SitePages/ManageApplications.aspx?AppNumber=29272-A001
29260-A001,29260,https://www2.auc.ab.ca/Proceeding29260/ProceedingDocuments/Forms/AllItems.aspx,https://www2.auc.ab.ca/Proceeding29260/SitePages/ManageApplications.aspx?AppNumber=29260-A001
29259-A001,29259,https://www2.auc.ab.ca/Proceeding29259/ProceedingDocuments/Forms/AllItems.aspx,https://www2.auc.ab.ca/Proceeding29259/SitePages/ManageApplications.aspx?AppNumber=29259-A001
29258-A001,29258,https://www2.auc.ab.ca/Proceeding29258/ProceedingDocuments/Forms/AllItems.aspx,https://www2.auc.ab.ca/Proceeding29258/SitePages/ManageApplications.aspx?AppNumber=29258-A001
29241-A001,29241,https://www2.auc.ab.ca/Proceeding29241/ProceedingDocuments/Forms/AllItems.aspx,https://www2.auc.ab.ca/Proceeding29241/SitePages/ManageApplications.aspx?AppNumber=29241-A001
29044-A003,29044,https://www2.auc.ab.ca/Proceeding29044/ProceedingDocuments/Forms/AllItems.aspx,https://www2.auc.ab.ca/Proceeding29044/SitePages/ManageApplications.aspx?AppNumber=29044-A003
29212-A002,29212,https://www2.auc.ab.ca/Proceeding29212/ProceedingDocuments/Forms/AllItems.aspx,https://www2.auc.ab.ca/Proceeding29212/SitePages/ManageApplications.aspx?AppNumber=29212-A002
29218-A001,29218,https://www2.auc.ab.ca/Proceeding29218/ProceedingDocuments/Forms/AllItems.aspx,https://www2.auc.ab.ca/Proceeding29218/SitePages/ManageApplications.aspx?AppNumber=29218-A001
29212-A001,29212,https://www2.auc.ab.ca/Proceeding29212/ProceedingDocuments/Forms/AllItems.aspx,https://www2.auc.ab.ca/Proceeding29212/SitePages/ManageApplications.aspx?AppNumber=29212-A001
29195-A001,29195,https://www2.auc.ab.ca/Proceeding29195/ProceedingDocuments/Forms/AllItems.aspx,https://www2.auc.ab.ca/Proceeding29195/SitePages/ManageApplications.aspx?AppNumber=29195-A001
29044-A001,29044,https://www2.auc.ab.ca/Proceeding29044/ProceedingDocuments/Forms/AllItems.aspx,https://www2.auc.ab.ca/Proceeding29044/SitePages/ManageApplications.aspx?AppNumber=29044-A001
29173-A001,29173,https://www2.auc.ab.ca/Proceeding29173/ProceedingDocuments/Forms/AllItems.aspx,https://www2.auc.ab.ca/Proceeding29173/SitePages/ManageApplications.aspx?AppNumber=29173-A001
29156-A001,29156,https://www2.auc.ab.ca/Proceeding29156/ProceedingDocuments/Forms/AllItems.aspx,https://www2.auc.ab.ca/Proceeding29156/SitePages/ManageApplications.aspx?AppNumber=29156-A001
29142-A001,29142,https://www2.auc.ab.ca/Proceeding29142/ProceedingDocuments/Forms/AllItems.aspx,https://www2.auc.ab.ca/Proceeding29142/SitePages/ManageApplications.aspx?AppNumber=29142-A001
29141-A001,29141,https://www2.auc.ab.ca/Proceeding29141/ProceedingDocuments/Forms/AllItems.aspx,https://www2.auc.ab.ca/Proceeding29141/SitePages/ManageApplications.aspx?AppNumber=29141-A001
29119-A001,29119,https://www2.auc.ab.ca/Proceeding29119/ProceedingDocuments/Forms/AllItems.aspx,https://www2.auc.ab.ca/Proceeding29119/SitePages/ManageApplications.aspx?AppNumber=29119-A001
29105-A001,29105,https://www2.auc.ab.ca/Proceeding29105/ProceedingDocuments/Forms/AllItems.aspx,https://www2.auc.ab.ca/Proceeding29105/SitePages/ManageApplications.aspx?AppNumber=29105-A001
29099-A001,29099,https://www2.auc.ab.ca/Proceeding29099/ProceedingDocuments/Forms/AllItems.aspx,https://www2.auc.ab.ca/Proceeding29099/SitePages/ManageApplications.aspx?AppNumber=29099-A001
29091-A001,29091,https://www2.auc.ab.ca/Proceeding29091/ProceedingDocuments/Forms/AllItems.aspx,https://www2.auc.ab.ca/Proceeding29091/SitePages/ManageApplications.aspx?AppNumber=29091-A001
29082-A001,29082,https://www2.auc.ab.ca/Proceeding29082/ProceedingDocuments/Forms/AllItems.aspx,https://www2.auc.ab.ca/Proceeding29082/SitePages/ManageApplications.aspx?AppNumber=29082-A001
29059-A001,29059,https://www2.auc.ab.ca/Proceeding29059/ProceedingDocuments/Forms/AllItems.aspx,https://www2.auc.ab.ca/Proceeding29059/SitePages/ManageApplications.aspx?AppNumber=29059-A001
29055-A001,29055,https://www2.auc.ab.ca/Proceeding29055/ProceedingDocuments/Forms/AllItems.aspx,https://www2.auc.ab.ca/Proceeding29055/SitePages/ManageApplications.aspx?AppNumber=29055-A001
29048-A001,29048,https://www2.auc.ab.ca/Proceeding29048/ProceedingDocuments/Forms/AllItems.aspx,https://www2.auc.ab.ca/Proceeding29048/SitePages/ManageApplications.aspx?AppNumber=29048-A001
28971-A001,28971,https://www2.auc.ab.ca/Proceeding28971/ProceedingDocuments/Forms/AllItems.aspx,https://www2.auc.ab.ca/Proceeding28971/SitePages/ManageApplications.aspx?AppNumber=28971-A001
29022-A001,29022,https://www2.auc.ab.ca/Proceeding29022/ProceedingDocuments/Forms/AllItems.aspx,https://www2.auc.ab.ca/Proceeding29022/SitePages/ManageApplications.aspx?AppNumber=29022-A001
29019-A001,29019,https://www2.auc.ab.ca/Proceeding29019/ProceedingDocuments/Forms/AllItems.aspx,https://www2.auc.ab.ca/Proceeding29019/SitePages/ManageApplications.aspx?AppNumber=29019-A001
29008-A001,29008,https://www2.auc.ab.ca/Proceeding29008/ProceedingDocuments/Forms/AllItems.aspx,https://www2.auc.ab.ca/Proceeding29008/SitePages/ManageApplications.aspx?AppNumber=29008-A001
28961-A001,28961,https://www2.auc.ab.ca/Proceeding28961/ProceedingDocuments/Forms/AllItems.aspx,https://www2.auc.ab.ca/Proceeding28961/SitePages/ManageApplications.aspx?AppNumber=28961-A001
28931-A001,28931,https://www2.auc.ab.ca/Proceeding28931/ProceedingDocuments/Forms/AllItems.aspx,https://www2.auc.ab.ca/Proceeding28931/SitePages/ManageApplications.aspx?AppNumber=28931-A001
28930-A001,28930,https://www2.auc.ab.ca/Proceeding28930/ProceedingDocuments/Forms/AllItems.aspx,https://www2.auc.ab.ca/Proceeding28930/SitePages/ManageApplications.aspx?AppNumber=28930-A001
28916-A001,28916,https://www2.auc.ab.ca/Proceeding28916/ProceedingDocuments/Forms/AllItems.aspx,https://www2.auc.ab.ca/Proceeding28916/SitePages/ManageApplications.aspx?AppNumber=28916-A001
28915-A001,28915,https://www2.auc.ab.ca/Proceeding28915/ProceedingDocuments/Forms/AllItems.aspx,https://www2.auc.ab.ca/Proceeding28915/SitePages/ManageApplications.aspx?AppNumber=28915-A001
28914-A001,28914,https://www2.auc.ab.ca/Proceeding28914/ProceedingDocuments/Forms/AllItems.aspx,https://www2.auc.ab.ca/Proceeding28914/SitePages/ManageApplications.aspx?AppNumber=28914-A001
28895-A001,28895,https://www2.auc.ab.ca/Proceeding28895/ProceedingDocuments/Forms/AllItems.aspx,https://www2.auc.ab.ca/Proceeding28895/SitePages/ManageApplications.aspx?AppNumber=28895-A001
28643-A001,28643,https://www2.auc.ab.ca/Proceeding28643/ProceedingDocuments/Forms/AllItems.aspx,https://www2.auc.ab.ca/Proceeding28643/SitePages/ManageApplications.aspx?AppNumber=28643-A001
28893-A001,28893,https://www2.auc.ab.ca/Proceeding28893/ProceedingDocuments/Forms/AllItems.aspx,https://www2.auc.ab.ca/Proceeding28893/SitePages/ManageApplications.aspx?AppNumber=28893-A001
28892-A001,28892,https://www2.auc.ab.ca/Proceeding28892/ProceedingDocuments/Forms/AllItems.aspx,https://www2.auc.ab.ca/Proceeding28892/SitePages/ManageApplications.aspx?AppNumber=28892-A001
28886-A001,28886,https://www2.auc.ab.ca/Proceeding28886/ProceedingDocuments/Forms/AllItems.aspx,https://www2.auc.ab.ca/Proceeding28886/SitePages/ManageApplications.aspx?AppNumber=28886-A001
28885-A001,28885,https://www2.auc.ab.ca/Proceeding28885/ProceedingDocuments/Forms/AllItems.aspx,https://www2.auc.ab.ca/Proceeding28885/SitePages/ManageApplications.aspx?AppNumber=28885-A001
28875-A001,28875,https://www2.auc.ab.ca/Proceeding28875/ProceedingDocuments/Forms/AllItems.aspx,https://www2.auc.ab.ca/Proceeding28875/SitePages/ManageApplications.aspx?AppNumber=28875-A001
28871-A001,28871,https://www2.auc.ab.ca/Proceeding28871/ProceedingDocuments/Forms/AllItems.aspx,https://www2.auc.ab.ca/Proceeding28871/SitePages/ManageApplications.aspx?AppNumber=28871-A001
28866-A003,28866,https://www2.auc.ab.ca/Proceeding28866/ProceedingDocuments/Forms/AllItems.aspx,https://www2.auc.ab.ca/Proceeding28866/SitePages/ManageApplications.aspx?AppNumber=28866-A003
28866-A002,28866,https://www2.auc.ab.ca/Proceeding28866/ProceedingDocuments/Forms/AllItems.aspx,https://www2.auc.ab.ca/Proceeding28866/SitePages/ManageApplications.aspx?AppNumber=28866-A002
28866-A001,28866,https://www2.auc.ab.ca/Proceeding28866/ProceedingDocuments/Forms/AllItems.aspx,https://www2.auc.ab.ca/Proceeding28866/SitePages/ManageApplications.aspx?AppNumber=28866-A001
28862-A001,28862,https://www2.auc.ab.ca/Proceeding28862/ProceedingDocuments/Forms/AllItems.aspx,https://www2.auc.ab.ca/Proceeding28862/SitePages/ManageApplications.aspx?AppNumber=28862-A001
28843-A001,28843,https://www2.auc.ab.ca/Proceeding28843/ProceedingDocuments/Forms/AllItems.aspx,https://www2.auc.ab.ca/Proceeding28843/SitePages/ManageApplications.aspx?AppNumber=28843-A001
28847-A001,28847,https://www2.auc.ab.ca/Proceeding28847/ProceedingDocuments/Forms/AllItems.aspx,https://www2.auc.ab.ca/Proceeding28847/SitePages/ManageApplications.aspx?AppNumber=28847-A001
28828-A002,28828,https://www2.auc.ab.ca/Proceeding28828/ProceedingDocuments/Forms/AllItems.aspx,https://www2.auc.ab.ca/Proceeding28828/SitePages/ManageApplications.aspx?AppNumber=28828-A002
28828-A001,28828,https://www2.auc.ab.ca/Proceeding28828/ProceedingDocuments/Forms/AllItems.aspx,https://www2.auc.ab.ca/Proceeding28828/SitePages/ManageApplications.aspx?AppNumber=28828-A001
28788-A001,28788,https://www2.auc.ab.ca/Proceeding28788/ProceedingDocuments/Forms/AllItems.aspx,https://www2.auc.ab.ca/Proceeding28788/SitePages/ManageApplications.aspx?AppNumber=28788-A001
28779-A001,28779,https://www2.auc.ab.ca/Proceeding28779/ProceedingDocuments/Forms/AllItems.aspx,https://www2.auc.ab.ca/Proceeding28779/SitePages/ManageApplications.aspx?AppNumber=28779-A001
28728-A002,28728,https://www2.auc.ab.ca/Proceeding28728/ProceedingDocuments/Forms/AllItems.aspx,https://www2.auc.ab.ca/Proceeding28728/SitePages/ManageApplications.aspx?AppNumber=28728-A002
28728-A001,28728,https://www2.auc.ab.ca/Proceeding28728/ProceedingDocuments/Forms/AllItems.aspx,https://www2.auc.ab.ca/Proceeding28728/SitePages/ManageApplications.aspx?AppNumber=28728-A001
28723-A003,28723,https://www2.auc.ab.ca/Proceeding28723/ProceedingDocuments/Forms/AllItems.aspx,https://www2.auc.ab.ca/Proceeding28723/SitePages/ManageApplications.aspx?AppNumber=28723-A003
28725-A002,28725,https://www2.auc.ab.ca/Proceeding28725/ProceedingDocuments/Forms/AllItems.aspx,https://www2.auc.ab.ca/Proceeding28725/SitePages/ManageApplications.aspx?AppNumber=28725-A002
28725-A001,28725,https://www2.auc.ab.ca/Proceeding28725/ProceedingDocuments/Forms/AllItems.aspx,https://www2.auc.ab.ca/Proceeding28725/SitePages/ManageApplications.aspx?AppNumber=28725-A001
28723-A001,28723,https://www2.auc.ab.ca/Proceeding28723/ProceedingDocuments/Forms/AllItems.aspx,https://www2.auc.ab.ca/Proceeding28723/SitePages/ManageApplications.aspx?AppNumber=28723-A001
28703-A001,28703,https://www2.auc.ab.ca/Proceeding28703/ProceedingDocuments/Forms/AllItems.aspx,https://www2.auc.ab.ca/Proceeding28703/SitePages/ManageApplications.aspx?AppNumber=28703-A001
28683-A001,28683,https://www2.auc.ab.ca/Proceeding28683/ProceedingDocuments/Forms/AllItems.aspx,https://www2.auc.ab.ca/Proceeding28683/SitePages/ManageApplications.aspx?AppNumber=28683-A001
28673-A001,28673,https://www2.auc.ab.ca/Proceeding28673/ProceedingDocuments/Forms/AllItems.aspx,https://www2.auc.ab.ca/Proceeding28673/SitePages/ManageApplications.aspx?AppNumber=28673-A001
28642-A001,28642,https://www2.auc.ab.ca/Proceeding28642/ProceedingDocuments/Forms/AllItems.aspx,https://www2.auc.ab.ca/Proceeding28642/SitePages/ManageApplications.aspx?AppNumber=28642-A001
28641-A001,28641,https://www2.auc.ab.ca/Proceeding28641/ProceedingDocuments/Forms/AllItems.aspx,https://www2.auc.ab.ca/Proceeding28641/SitePages/ManageApplications.aspx?AppNumber=28641-A001
28638-A001,28638,https://www2.auc.ab.ca/Proceeding28638/ProceedingDocuments/Forms/AllItems.aspx,https://www2.auc.ab.ca/Proceeding28638/SitePages/ManageApplications.aspx?AppNumber=28638-A001
28616-A002,28616,https://www2.auc.ab.ca/Proceeding28616/ProceedingDocuments/Forms/AllItems.aspx,https://www2.auc.ab.ca/Proceeding28616/SitePages/ManageApplications.aspx?AppNumber=28616-A002
28616-A001,28616,https://www2.auc.ab.ca/Proceeding28616/ProceedingDocuments/Forms/AllItems.aspx,https://www2.auc.ab.ca/Proceeding28616/SitePages/ManageApplications.aspx?AppNumber=28616-A001
28587-A002,28587,https://www2.auc.ab.ca/Proceeding28587/ProceedingDocuments/Forms/AllItems.aspx,https://www2.auc.ab.ca/Proceeding28587/SitePages/ManageApplications.aspx?AppNumber=28587-A002
28587-A001,28587,https://www2.auc.ab.ca/Proceeding28587/ProceedingDocuments/Forms/AllItems.aspx,https://www2.auc.ab.ca/Proceeding28587/SitePages/ManageApplications.aspx?AppNumber=28587-A001
28586-A001,28586,https://www2.auc.ab.ca/Proceeding28586/ProceedingDocuments/Forms/AllItems.aspx,https://www2.auc.ab.ca/Proceeding28586/SitePages/ManageApplications.aspx?AppNumber=28586-A001
28534-A001,28534,https://www2.auc.ab.ca/Proceeding28534/ProceedingDocuments/Forms/AllItems.aspx,https://www2.auc.ab.ca/Proceeding28534/SitePages/ManageApplications.aspx?AppNumber=28534-A001
28506-A001,28506,https://www2.auc.ab.ca/Proceeding28506/ProceedingDocuments/Forms/AllItems.aspx,https://www2.auc.ab.ca/Proceeding28506/SitePages/ManageApplications.aspx?AppNumber=28506-A001
28481-A001,28481,https://www2.auc.ab.ca/Proceeding28481/ProceedingDocuments/Forms/AllItems.aspx,https://www2.auc.ab.ca/Proceeding28481/SitePages/ManageApplications.aspx?AppNumber=28481-A001
28474-A002,28474,https://www2.auc.ab.ca/Proceeding28474/ProceedingDocuments/Forms/AllItems.aspx,https://www2.auc.ab.ca/Proceeding28474/SitePages/ManageApplications.aspx?AppNumber=28474-A002
28469-A001,28469,https://www2.auc.ab.ca/Proceeding28469/ProceedingDocuments/Forms/AllItems.aspx,https://www2.auc.ab.ca/Proceeding28469/SitePages/ManageApplications.aspx?AppNumber=28469-A001
28439-A001,28439,https://www2.auc.ab.ca/Proceeding28439/ProceedingDocuments/Forms/AllItems.aspx,https://www2.auc.ab.ca/Proceeding28439/SitePages/ManageApplications.aspx?AppNumber=28439-A001
28438-A001,28438,https://www2.auc.ab.ca/Proceeding28438/ProceedingDocuments/Forms/AllItems.aspx,https://www2.auc.ab.ca/Proceeding28438/SitePages/ManageApplications.aspx?AppNumber=28438-A001
28435-A002,28435,https://www2.auc.ab.ca/Proceeding28435/ProceedingDocuments/Forms/AllItems.aspx,https://www2.auc.ab.ca/Proceeding28435/SitePages/ManageApplications.aspx?AppNumber=28435-A002
28435-A001,28435,https://www2.auc.ab.ca/Proceeding28435/ProceedingDocuments/Forms/AllItems.aspx,https://www2.auc.ab.ca/Proceeding28435/SitePages/ManageApplications.aspx?AppNumber=28435-A001
28411-A001,28411,https://www2.auc.ab.ca/Proceeding28411/ProceedingDocuments/Forms/AllItems.aspx,https://www2.auc.ab.ca/Proceeding28411/SitePages/ManageApplications.aspx?AppNumber=28411-A001
28384-A001,28384,https://www2.auc.ab.ca/Proceeding28384/ProceedingDocuments/Forms/AllItems.aspx,https://www2.auc.ab.ca/Proceeding28384/SitePages/ManageApplications.aspx?AppNumber=28384-A001
28359-A001,28359,https://www2.auc.ab.ca/Proceeding28359/ProceedingDocuments/Forms/AllItems.aspx,https://www2.auc.ab.ca/Proceeding28359/SitePages/ManageApplications.aspx?AppNumber=28359-A001
28335-A001,28335,https://www2.auc.ab.ca/Proceeding28335/ProceedingDocuments/Forms/AllItems.aspx,https://www2.auc.ab.ca/Proceeding28335/SitePages/ManageApplications.aspx?AppNumber=28335-A001
28325-A006,28325,https://www2.auc.ab.ca/Proceeding28325/ProceedingDocuments/Forms/AllItems.aspx,https://www2.auc.ab.ca/Proceeding28325/SitePages/ManageApplications.aspx?AppNumber=28325-A006
28325-A005,28325,https://www2.auc.ab.ca/Proceeding28325/ProceedingDocuments/Forms/AllItems.aspx,https://www2.auc.ab.ca/Proceeding28325/SitePages/ManageApplications.aspx?AppNumber=28325-A005
28325-A004,28325,https://www2.auc.ab.ca/Proceeding28325/ProceedingDocuments/Forms/AllItems.aspx,https://www2.auc.ab.ca/Proceeding28325/SitePages/ManageApplications.aspx?AppNumber=28325-A004
28325-A003,28325,https://www2.auc.ab.ca/Proceeding28325/ProceedingDocuments/Forms/AllItems.aspx,https://www2.auc.ab.ca/Proceeding28325/SitePages/ManageApplications.aspx?AppNumber=28325-A003
28325-A002,28325,https://www2.auc.ab.ca/Proceeding28325/ProceedingDocuments/Forms/AllItems.aspx,https://www2.auc.ab.ca/Proceeding28325/SitePages/ManageApplications.aspx?AppNumber=28325-A002
28325-A001,28325,https://www2.auc.ab.ca/Proceeding28325/ProceedingDocuments/Forms/AllItems.aspx,https://www2.auc.ab.ca/Proceeding28325/SitePages/ManageApplications.aspx?AppNumber=28325-A001
28316-A001,28316,https://www2.auc.ab.ca/Proceeding28316/ProceedingDocuments/Forms/AllItems.aspx,https://www2.auc.ab.ca/Proceeding28316/SitePages/ManageApplications.aspx?AppNumber=28316-A001
28315-A001,28315,https://www2.auc.ab.ca/Proceeding28315/ProceedingDocuments/Forms/AllItems.aspx,https://www2.auc.ab.ca/Proceeding28315/SitePages/ManageApplications.aspx?AppNumber=28315-A001
28309-A001,28309,https://www2.auc.ab.ca/Proceeding28309/ProceedingDocuments/Forms/AllItems.aspx,https://www2.auc.ab.ca/Proceeding28309/SitePages/ManageApplications.aspx?AppNumber=28309-A001
28308-A001,28308,https://www2.auc.ab.ca/Proceeding28308/ProceedingDocuments/Forms/AllItems.aspx,https://www2.auc.ab.ca/Proceeding28308/SitePages/ManageApplications.aspx?AppNumber=28308-A001
28302-A002,28302,https://www2.auc.ab.ca/Proceeding28302/ProceedingDocuments/Forms/AllItems.aspx,https://www2.auc.ab.ca/Proceeding28302/SitePages/ManageApplications.aspx?AppNumber=28302-A002
28302-A001,28302,https://www2.auc.ab.ca/Proceeding28302/ProceedingDocuments/Forms/AllItems.aspx,https://www2.auc.ab.ca/Proceeding28302/SitePages/ManageApplications.aspx?AppNumber=28302-A001
28298-A002,28298,https://www2.auc.ab.ca/Proceeding28298/ProceedingDocuments/Forms/AllItems.aspx,https://www2.auc.ab.ca/Proceeding28298/SitePages/ManageApplications.aspx?AppNumber=28298-A002
28298-A001,28298,https://www2.auc.ab.ca/Proceeding28298/ProceedingDocuments/Forms/AllItems.aspx,https://www2.auc.ab.ca/Proceeding28298/SitePages/ManageApplications.aspx?AppNumber=28298-A001
28297-A001,28297,https://www2.auc.ab.ca/Proceeding28297/ProceedingDocuments/Forms/AllItems.aspx,https://www2.auc.ab.ca/Proceeding28297/SitePages/ManageApplications.aspx?AppNumber=28297-A001
28295-A001,28295,https://www2.auc.ab.ca/Proceeding28295/ProceedingDocuments/Forms/AllItems.aspx,https://www2.auc.ab.ca/Proceeding28295/SitePages/ManageApplications.aspx?AppNumber=28295-A001
28259-A001,28259,https://www2.auc.ab.ca/Proceeding28259/ProceedingDocuments/Forms/AllItems.aspx,https://www2.auc.ab.ca/Proceeding28259/SitePages/ManageApplications.aspx?AppNumber=28259-A001
28249-A001,28249,https://www2.auc.ab.ca/Proceeding28249/ProceedingDocuments/Forms/AllItems.aspx,https://www2.auc.ab.ca/Proceeding28249/SitePages/ManageApplications.aspx?AppNumber=28249-A001
28200-A001,28200,https://www2.auc.ab.ca/Proceeding28200/ProceedingDocuments/Forms/AllItems.aspx,https://www2.auc.ab.ca/Proceeding28200/SitePages/ManageApplications.aspx?AppNumber=28200-A001
28191-A001,28191,https://www2.auc.ab.ca/Proceeding28191/ProceedingDocuments/Forms/AllItems.aspx,https://www2.auc.ab.ca/Proceeding28191/SitePages/ManageApplications.aspx?AppNumber=28191-A001
28185-A001,28185,https://www2.auc.ab.ca/Proceeding28185/ProceedingDocuments/Forms/AllItems.aspx,https://www2.auc.ab.ca/Proceeding28185/SitePages/ManageApplications.aspx?AppNumber=28185-A001
28179-A001,28179,https://www2.auc.ab.ca/Proceeding28179/ProceedingDocuments/Forms/AllItems.aspx,https://www2.auc.ab.ca/Proceeding28179/SitePages/ManageApplications.aspx?AppNumber=28179-A001
28140-A002,28140,https://www2.auc.ab.ca/Proceeding28140/ProceedingDocuments/Forms/AllItems.aspx,https://www2.auc.ab.ca/Proceeding28140/SitePages/ManageApplications.aspx?AppNumber=28140-A002
28140-A001,28140,https://www2.auc.ab.ca/Proceeding28140/ProceedingDocuments/Forms/AllItems.aspx,https://www2.auc.ab.ca/Proceeding28140/SitePages/ManageApplications.aspx?AppNumber=28140-A001
28124-A001,28124,https://www2.auc.ab.ca/Proceeding28124/ProceedingDocuments/Forms/AllItems.aspx,https://www2.auc.ab.ca/Proceeding28124/SitePages/ManageApplications.aspx?AppNumber=28124-A001
27916-A002,27916,https://www2.auc.ab.ca/Proceeding27916/ProceedingDocuments/Forms/AllItems.aspx,https://www2.auc.ab.ca/Proceeding27916/SitePages/ManageApplications.aspx?AppNumber=27916-A002
28086-A001,28086,https://www2.auc.ab.ca/Proceeding28086/ProceedingDocuments/Forms/AllItems.aspx,https://www2.auc.ab.ca/Proceeding28086/SitePages/ManageApplications.aspx?AppNumber=28086-A001
28085-A001,28085,https://www2.auc.ab.ca/Proceeding28085/ProceedingDocuments/Forms/AllItems.aspx,https://www2.auc.ab.ca/Proceeding28085/SitePages/ManageApplications.aspx?AppNumber=28085-A001
28084-A001,28084,https://www2.auc.ab.ca/Proceeding28084/ProceedingDocuments/Forms/AllItems.aspx,https://www2.auc.ab.ca/Proceeding28084/SitePages/ManageApplications.aspx?AppNumber=28084-A001
28083-A001,28083,https://www2.auc.ab.ca/Proceeding28083/ProceedingDocuments/Forms/AllItems.aspx,https://www2.auc.ab.ca/Proceeding28083/SitePages/ManageApplications.aspx?AppNumber=28083-A001
28079-A001,28079,https://www2.auc.ab.ca/Proceeding28079/ProceedingDocuments/Forms/AllItems.aspx,https://www2.auc.ab.ca/Proceeding28079/SitePages/ManageApplications.aspx?AppNumber=28079-A001
28042-A001,28042,https://www2.auc.ab.ca/Proceeding28042/ProceedingDocuments/Forms/AllItems.aspx,https://www2.auc.ab.ca/Proceeding28042/SitePages/ManageApplications.aspx?AppNumber=28042-A001
27991-A002,27991,https://www2.auc.ab.ca/Proceeding27991/ProceedingDocuments/Forms/AllItems.aspx,https://www2.auc.ab.ca/Proceeding27991/SitePages/ManageApplications.aspx?AppNumber=27991-A002
27988-A001,27988,https://www2.auc.ab.ca/Proceeding27988/ProceedingDocuments/Forms/AllItems.aspx,https://www2.auc.ab.ca/Proceeding27988/SitePages/ManageApplications.aspx?AppNumber=27988-A001
27979-A001,27979,https://www2.auc.ab.ca/Proceeding27979/ProceedingDocuments/Forms/AllItems.aspx,https://www2.auc.ab.ca/Proceeding27979/SitePages/ManageApplications.aspx?AppNumber=27979-A001
27971-A001,27971,https://www2.auc.ab.ca/Proceeding27971/ProceedingDocuments/Forms/AllItems.aspx,https://www2.auc.ab.ca/Proceeding27971/SitePages/ManageApplications.aspx?AppNumber=27971-A001
27966-A001,27966,https://www2.auc.ab.ca/Proceeding27966/ProceedingDocuments/Forms/AllItems.aspx,https://www2.auc.ab.ca/Proceeding27966/SitePages/ManageApplications.aspx?AppNumber=27966-A001
27962-A001,27962,https://www2.auc.ab.ca/Proceeding27962/ProceedingDocuments/Forms/AllItems.aspx,https://www2.auc.ab.ca/Proceeding27962/SitePages/ManageApplications.aspx?AppNumber=27962-A001
27963-A001,27963,https://www2.auc.ab.ca/Proceeding27963/ProceedingDocuments/Forms/AllItems.aspx,https://www2.auc.ab.ca/Proceeding27963/SitePages/ManageApplications.aspx?AppNumber=27963-A001
27952-A001,27952,https://www2.auc.ab.ca/Proceeding27952/ProceedingDocuments/Forms/AllItems.aspx,https://www2.auc.ab.ca/Proceeding27952/SitePages/ManageApplications.aspx?AppNumber=27952-A001
27946-A001,27946,https://www2.auc.ab.ca/Proceeding27946/ProceedingDocuments/Forms/AllItems.aspx,https://www2.auc.ab.ca/Proceeding27946/SitePages/ManageApplications.aspx?AppNumber=27946-A001
27945-A001,27945,https://www2.auc.ab.ca/Proceeding27945/ProceedingDocuments/Forms/AllItems.aspx,https://www2.auc.ab.ca/Proceeding27945/SitePages/ManageApplications.aspx?AppNumber=27945-A001
27941-A001,27941,https://www2.auc.ab.ca/Proceeding27941/ProceedingDocuments/Forms/AllItems.aspx,https://www2.auc.ab.ca/Proceeding27941/SitePages/ManageApplications.aspx?AppNumber=27941-A001
27933-A001,27933,https://www2.auc.ab.ca/Proceeding27933/ProceedingDocuments/Forms/AllItems.aspx,https://www2.auc.ab.ca/Proceeding27933/SitePages/ManageApplications.aspx?AppNumber=27933-A001
27929-A001,27929,https://www2.auc.ab.ca/Proceeding27929/ProceedingDocuments/Forms/AllItems.aspx,https://www2.auc.ab.ca/Proceeding27929/SitePages/ManageApplications.aspx?AppNumber=27929-A001
27928-A001,27928,https://www2.auc.ab.ca/Proceeding27928/ProceedingDocuments/Forms/AllItems.aspx,https://www2.auc.ab.ca/Proceeding27928/SitePages/ManageApplications.aspx?AppNumber=27928-A001
27918-A002,27918,https://www2.auc.ab.ca/Proceeding27918/ProceedingDocuments/Forms/AllItems.aspx,https://www2.auc.ab.ca/Proceeding27918/SitePages/ManageApplications.aspx?AppNumber=27918-A002
27918-A001,27918,https://www2.auc.ab.ca/Proceeding27918/ProceedingDocuments/Forms/AllItems.aspx,https://www2.auc.ab.ca/Proceeding27918/SitePages/ManageApplications.aspx?AppNumber=27918-A001
27916-A001,27916,https://www2.auc.ab.ca/Proceeding27916/ProceedingDocuments/Forms/AllItems.aspx,https://www2.auc.ab.ca/Proceeding27916/SitePages/ManageApplications.aspx?AppNumber=27916-A001
27905-A001,27905,https://www2.auc.ab.ca/Proceeding27905/ProceedingDocuments/Forms/AllItems.aspx,https://www2.auc.ab.ca/Proceeding27905/SitePages/ManageApplications.aspx?AppNumber=27905-A001
27906-A001,27906,https://www2.auc.ab.ca/Proceeding27906/ProceedingDocuments/Forms/AllItems.aspx,https://www2.auc.ab.ca/Proceeding27906/SitePages/ManageApplications.aspx?AppNumber=27906-A001
27903-A002,27903,https://www2.auc.ab.ca/Proceeding27903/ProceedingDocuments/Forms/AllItems.aspx,https://www2.auc.ab.ca/Proceeding27903/SitePages/ManageApplications.aspx?AppNumber=27903-A002
27903-A001,27903,https://www2.auc.ab.ca/Proceeding27903/ProceedingDocuments/Forms/AllItems.aspx,https://www2.auc.ab.ca/Proceeding27903/SitePages/ManageApplications.aspx?AppNumber=27903-A001
27862-A003,27862,https://www2.auc.ab.ca/Proceeding27862/ProceedingDocuments/Forms/AllItems.aspx,https://www2.auc.ab.ca/Proceeding27862/SitePages/ManageApplications.aspx?AppNumber=27862-A003
27885-A001,27885,https://www2.auc.ab.ca/Proceeding27885/ProceedingDocuments/Forms/AllItems.aspx,https://www2.auc.ab.ca/Proceeding27885/SitePages/ManageApplications.aspx?AppNumber=27885-A001
27876-A001,27876,https://www2.auc.ab.ca/Proceeding27876/ProceedingDocuments/Forms/AllItems.aspx,https://www2.auc.ab.ca/Proceeding27876/SitePages/ManageApplications.aspx?AppNumber=27876-A001
27862-A001,27862,https://www2.auc.ab.ca/Proceeding27862/ProceedingDocuments/Forms/AllItems.aspx,https://www2.auc.ab.ca/Proceeding27862/SitePages/ManageApplications.aspx?AppNumber=27862-A001
27867-A001,27867,https://www2.auc.ab.ca/Proceeding27867/ProceedingDocuments/Forms/AllItems.aspx,https://www2.auc.ab.ca/Proceeding27867/SitePages/ManageApplications.aspx?AppNumber=27867-A001
27858-A002,27858,https://www2.auc.ab.ca/Proceeding27858/ProceedingDocuments/Forms/AllItems.aspx,https://www2.auc.ab.ca/Proceeding27858/SitePages/ManageApplications.aspx?AppNumber=27858-A002
27845-A003,27845,https://www2.auc.ab.ca/Proceeding27845/ProceedingDocuments/Forms/AllItems.aspx,https://www2.auc.ab.ca/Proceeding27845/SitePages/ManageApplications.aspx?AppNumber=27845-A003
27843-A001,27843,https://www2.auc.ab.ca/Proceeding27843/ProceedingDocuments/Forms/AllItems.aspx,https://www2.auc.ab.ca/Proceeding27843/SitePages/ManageApplications.aspx?AppNumber=27843-A001
27842-A001,27842,https://www2.auc.ab.ca/Proceeding27842/ProceedingDocuments/Forms/AllItems.aspx,https://www2.auc.ab.ca/Proceeding27842/SitePages/ManageApplications.aspx?AppNumber=27842-A001
27838-A001,27838,https://www2.auc.ab.ca/Proceeding27838/ProceedingDocuments/Forms/AllItems.aspx,https://www2.auc.ab.ca/Proceeding27838/SitePages/ManageApplications.aspx?AppNumber=27838-A001
27824-A001,27824,https://www2.auc.ab.ca/Proceeding27824/ProceedingDocuments/Forms/AllItems.aspx,https://www2.auc.ab.ca/Proceeding27824/SitePages/ManageApplications.aspx?AppNumber=27824-A001
27823-A001,27823,https://www2.auc.ab.ca/Proceeding27823/ProceedingDocuments/Forms/AllItems.aspx,https://www2.auc.ab.ca/Proceeding27823/SitePages/ManageApplications.aspx?AppNumber=27823-A001
27797-A001,27797,https://www2.auc.ab.ca/Proceeding27797/ProceedingDocuments/Forms/AllItems.aspx,https://www2.auc.ab.ca/Proceeding27797/SitePages/ManageApplications.aspx?AppNumber=27797-A001
27788-A001,27788,https://www2.auc.ab.ca/Proceeding27788/ProceedingDocuments/Forms/AllItems.aspx,https://www2.auc.ab.ca/Proceeding27788/SitePages/ManageApplications.aspx?AppNumber=27788-A001
27781-A001,27781,https://www2.auc.ab.ca/Proceeding27781/ProceedingDocuments/Forms/AllItems.aspx,https://www2.auc.ab.ca/Proceeding27781/SitePages/ManageApplications.aspx?AppNumber=27781-A001
27778-A001,27778,https://www2.auc.ab.ca/Proceeding27778/ProceedingDocuments/Forms/AllItems.aspx,https://www2.auc.ab.ca/Proceeding27778/SitePages/ManageApplications.aspx?AppNumber=27778-A001
27769-A001,27769,https://www2.auc.ab.ca/Proceeding27769/ProceedingDocuments/Forms/AllItems.aspx,https://www2.auc.ab.ca/Proceeding27769/SitePages/ManageApplications.aspx?AppNumber=27769-A001
27766-A001,27766,https://www2.auc.ab.ca/Proceeding27766/ProceedingDocuments/Forms/AllItems.aspx,https://www2.auc.ab.ca/Proceeding27766/SitePages/ManageApplications.aspx?AppNumber=27766-A001
27745-A001,27745,https://www2.auc.ab.ca/Proceeding27745/ProceedingDocuments/Forms/AllItems.aspx,https://www2.auc.ab.ca/Proceeding27745/SitePages/ManageApplications.aspx?AppNumber=27745-A001
27699-A004,27699,https://www2.auc.ab.ca/Proceeding27699/ProceedingDocuments/Forms/AllItems.aspx,https://www2.auc.ab.ca/Proceeding27699/SitePages/ManageApplications.aspx?AppNumber=27699-A004
27728-A002,27728,https://www2.auc.ab.ca/Proceeding27728/ProceedingDocuments/Forms/AllItems.aspx,https://www2.auc.ab.ca/Proceeding27728/SitePages/ManageApplications.aspx?AppNumber=27728-A002
27726-A001,27726,https://www2.auc.ab.ca/Proceeding27726/ProceedingDocuments/Forms/AllItems.aspx,https://www2.auc.ab.ca/Proceeding27726/SitePages/ManageApplications.aspx?AppNumber=27726-A001
27724-A001,27724,https://www2.auc.ab.ca/Proceeding27724/ProceedingDocuments/Forms/AllItems.aspx,https://www2.auc.ab.ca/Proceeding27724/SitePages/ManageApplications.aspx?AppNumber=27724-A001
27721-A002,27721,https://www2.auc.ab.ca/Proceeding27721/ProceedingDocuments/Forms/AllItems.aspx,https://www2.auc.ab.ca/Proceeding27721/SitePages/ManageApplications.aspx?AppNumber=27721-A002
27721-A001,27721,https://www2.auc.ab.ca/Proceeding27721/ProceedingDocuments/Forms/AllItems.aspx,https://www2.auc.ab.ca/Proceeding27721/SitePages/ManageApplications.aspx?AppNumber=27721-A001
27712-A001,27712,https://www2.auc.ab.ca/Proceeding27712/ProceedingDocuments/Forms/AllItems.aspx,https://www2.auc.ab.ca/Proceeding27712/SitePages/ManageApplications.aspx?AppNumber=27712-A001
27703-A001,27703,https://www2.auc.ab.ca/Proceeding27703/ProceedingDocuments/Forms/AllItems.aspx,https://www2.auc.ab.ca/Proceeding27703/SitePages/ManageApplications.aspx?AppNumber=27703-A001
27702-A001,27702,https://www2.auc.ab.ca/Proceeding27702/ProceedingDocuments/Forms/AllItems.aspx,https://www2.auc.ab.ca/Proceeding27702/SitePages/ManageApplications.aspx?AppNumber=27702-A001
27679-A001,27679,https://www2.auc.ab.ca/Proceeding27679/ProceedingDocuments/Forms/AllItems.aspx,https://www2.auc.ab.ca/Proceeding27679/SitePages/ManageApplications.aspx?AppNumber=27679-A001
27652-A001,27652,https://www2.auc.ab.ca/Proceeding27652/ProceedingDocuments/Forms/AllItems.aspx,https://www2.auc.ab.ca/Proceeding27652/SitePages/ManageApplications.aspx?AppNumber=27652-A001
27627-A001,27627,https://www2.auc.ab.ca/Proceeding27627/ProceedingDocuments/Forms/AllItems.aspx,https://www2.auc.ab.ca/Proceeding27627/SitePages/ManageApplications.aspx?AppNumber=27627-A001
27623-A001,27623,https://www2.auc.ab.ca/Proceeding27623/ProceedingDocuments/Forms/AllItems.aspx,https://www2.auc.ab.ca/Proceeding27623/SitePages/ManageApplications.aspx?AppNumber=27623-A001
27594-A001,27594,https://www2.auc.ab.ca/Proceeding27594/ProceedingDocuments/Forms/AllItems.aspx,https://www2.auc.ab.ca/Proceeding27594/SitePages/ManageApplications.aspx?AppNumber=27594-A001
27592-A001,27592,https://www2.auc.ab.ca/Proceeding27592/ProceedingDocuments/Forms/AllItems.aspx,https://www2.auc.ab.ca/Proceeding27592/SitePages/ManageApplications.aspx?AppNumber=27592-A001
27589-A001,27589,https://www2.auc.ab.ca/Proceeding27589/ProceedingDocuments/Forms/AllItems.aspx,https://www2.auc.ab.ca/Proceeding27589/SitePages/ManageApplications.aspx?AppNumber=27589-A001
27582-A001,27582,https://www2.auc.ab.ca/Proceeding27582/ProceedingDocuments/Forms/AllItems.aspx,https://www2.auc.ab.ca/Proceeding27582/SitePages/ManageApplications.aspx?AppNumber=27582-A001
27577-A001,27577,https://www2.auc.ab.ca/Proceeding27577/ProceedingDocuments/Forms/AllItems.aspx,https://www2.auc.ab.ca/Proceeding27577/SitePages/ManageApplications.aspx?AppNumber=27577-A001
27572-A001,27572,https://www2.auc.ab.ca/Proceeding27572/ProceedingDocuments/Forms/AllItems.aspx,https://www2.auc.ab.ca/Proceeding27572/SitePages/ManageApplications.aspx?AppNumber=27572-A001
27488-A001,27488,https://www2.auc.ab.ca/Proceeding27488/ProceedingDocuments/Forms/AllItems.aspx,https://www2.auc.ab.ca/Proceeding27488/SitePages/ManageApplications.aspx?AppNumber=27488-A001
27525-A001,27525,https://www2.auc.ab.ca/Proceeding27525/ProceedingDocuments/Forms/AllItems.aspx,https://www2.auc.ab.ca/Proceeding27525/SitePages/ManageApplications.aspx?AppNumber=27525-A001
27505-A001,27505,https://www2.auc.ab.ca/Proceeding27505/ProceedingDocuments/Forms/AllItems.aspx,https://www2.auc.ab.ca/Proceeding27505/SitePages/ManageApplications.aspx?AppNumber=27505-A001
27486-A001,27486,https://www2.auc.ab.ca/Proceeding27486/ProceedingDocuments/Forms/AllItems.aspx,https://www2.auc.ab.ca/Proceeding27486/SitePages/ManageApplications.aspx?AppNumber=27486-A001
27445-A001,27445,https://www2.auc.ab.ca/Proceeding27445/ProceedingDocuments/Forms/AllItems.aspx,https://www2.auc.ab.ca/Proceeding27445/SitePages/ManageApplications.aspx?AppNumber=27445-A001
27433-A001,27433,https://www2.auc.ab.ca/Proceeding27433/ProceedingDocuments/Forms/AllItems.aspx,https://www2.auc.ab.ca/Proceeding27433/SitePages/ManageApplications.aspx?AppNumber=27433-A001
27421-A001,27421,https://www2.auc.ab.ca/Proceeding27421/ProceedingDocuments/Forms/AllItems.aspx,https://www2.auc.ab.ca/Proceeding27421/SitePages/ManageApplications.aspx?AppNumber=27421-A001
27345-A001,27345,https://www2.auc.ab.ca/Proceeding27345/ProceedingDocuments/Forms/AllItems.aspx,https://www2.auc.ab.ca/Proceeding27345/SitePages/ManageApplications.aspx?AppNumber=27345-A001
27342-A001,27342,https://www2.auc.ab.ca/Proceeding27342/ProceedingDocuments/Forms/AllItems.aspx,https://www2.auc.ab.ca/Proceeding27342/SitePages/ManageApplications.aspx?AppNumber=27342-A001
27319-A002,27319,https://www2.auc.ab.ca/Proceeding27319/ProceedingDocuments/Forms/AllItems.aspx,https://www2.auc.ab.ca/Proceeding27319/SitePages/ManageApplications.aspx?AppNumber=27319-A002
27319-A001,27319,https://www2.auc.ab.ca/Proceeding27319/ProceedingDocuments/Forms/AllItems.aspx,https://www2.auc.ab.ca/Proceeding27319/SitePages/ManageApplications.aspx?AppNumber=27319-A001
27314-A001,27314,https://www2.auc.ab.ca/Proceeding27314/ProceedingDocuments/Forms/AllItems.aspx,https://www2.auc.ab.ca/Proceeding27314/SitePages/ManageApplications.aspx?AppNumber=27314-A001
27258-A003,27258,https://www2.auc.ab.ca/Proceeding27258/ProceedingDocuments/Forms/AllItems.aspx,https://www2.auc.ab.ca/Proceeding27258/SitePages/ManageApplications.aspx?AppNumber=27258-A003
27245-A001,27245,https://www2.auc.ab.ca/Proceeding27245/ProceedingDocuments/Forms/AllItems.aspx,https://www2.auc.ab.ca/Proceeding27245/SitePages/ManageApplications.aspx?AppNumber=27245-A001
27216-A001,27216,https://www2.auc.ab.ca/Proceeding27216/ProceedingDocuments/Forms/AllItems.aspx,https://www2.auc.ab.ca/Proceeding27216/SitePages/ManageApplications.aspx?AppNumber=27216-A001
27215-A001,27215,https://www2.auc.ab.ca/Proceeding27215/ProceedingDocuments/Forms/AllItems.aspx,https://www2.auc.ab.ca/Proceeding27215/SitePages/ManageApplications.aspx?AppNumber=27215-A001
27214-A001,27214,https://www2.auc.ab.ca/Proceeding27214/ProceedingDocuments/Forms/AllItems.aspx,https://www2.auc.ab.ca/Proceeding27214/SitePages/ManageApplications.aspx?AppNumber=27214-A001
27205-A001,27205,https://www2.auc.ab.ca/Proceeding27205/ProceedingDocuments/Forms/AllItems.aspx,https://www2.auc.ab.ca/Proceeding27205/SitePages/ManageApplications.aspx?AppNumber=27205-A001
27203-A001,27203,https://www2.auc.ab.ca/Proceeding27203/ProceedingDocuments/Forms/AllItems.aspx,https://www2.auc.ab.ca/Proceeding27203/SitePages/ManageApplications.aspx?AppNumber=27203-A001
27191-A001,27191,https://www2.auc.ab.ca/Proceeding27191/ProceedingDocuments/Forms/AllItems.aspx,https://www2.auc.ab.ca/Proceeding27191/SitePages/ManageApplications.aspx?AppNumber=27191-A001
27178-A001,27178,https://www2.auc.ab.ca/Proceeding27178/ProceedingDocuments/Forms/AllItems.aspx,https://www2.auc.ab.ca/Proceeding27178/SitePages/ManageApplications.aspx?AppNumber=27178-A001
27177-A001,27177,https://www2.auc.ab.ca/Proceeding27177/ProceedingDocuments/Forms/AllItems.aspx,https://www2.auc.ab.ca/Proceeding27177/SitePages/ManageApplications.aspx?AppNumber=27177-A001
27136-A001,27136,https://www2.auc.ab.ca/Proceeding27136/ProceedingDocuments/Forms/AllItems.aspx,https://www2.auc.ab.ca/Proceeding27136/SitePages/ManageApplications.aspx?AppNumber=27136-A001
27134-A001,27134,https://www2.auc.ab.ca/Proceeding27134/ProceedingDocuments/Forms/AllItems.aspx,https://www2.auc.ab.ca/Proceeding27134/SitePages/ManageApplications.aspx?AppNumber=27134-A001
27112-A001,27112,https://www2.auc.ab.ca/Proceeding27112/ProceedingDocuments/Forms/AllItems.aspx,https://www2.auc.ab.ca/Proceeding27112/SitePages/ManageApplications.aspx?AppNumber=27112-A001
27106-A001,27106,https://www2.auc.ab.ca/Proceeding27106/ProceedingDocuments/Forms/AllItems.aspx,https://www2.auc.ab.ca/Proceeding27106/SitePages/ManageApplications.aspx?AppNumber=27106-A001
27100-A001,27100,https://www2.auc.ab.ca/Proceeding27100/ProceedingDocuments/Forms/AllItems.aspx,https://www2.auc.ab.ca/Proceeding27100/SitePages/ManageApplications.aspx?AppNumber=27100-A001
27095-A001,27095,https://www2.auc.ab.ca/Proceeding27095/ProceedingDocuments/Forms/AllItems.aspx,https://www2.auc.ab.ca/Proceeding27095/SitePages/ManageApplications.aspx?AppNumber=27095-A001
27087-A001,27087,https://www2.auc.ab.ca/Proceeding27087/ProceedingDocuments/Forms/AllItems.aspx,https://www2.auc.ab.ca/Proceeding27087/SitePages/ManageApplications.aspx?AppNumber=27087-A001
27080-A001,27080,https://www2.auc.ab.ca/Proceeding27080/ProceedingDocuments/Forms/AllItems.aspx,https://www2.auc.ab.ca/Proceeding27080/SitePages/ManageApplications.aspx?AppNumber=27080-A001
27079-A001,27079,https://www2.auc.ab.ca/Proceeding27079/ProceedingDocuments/Forms/AllItems.aspx,https://www2.auc.ab.ca/Proceeding27079/SitePages/ManageApplications.aspx?AppNumber=27079-A001
27078-A001,27078,https://www2.auc.ab.ca/Proceeding27078/ProceedingDocuments/Forms/AllItems.aspx,https://www2.auc.ab.ca/Proceeding27078/SitePages/ManageApplications.aspx?AppNumber=27078-A001
27077-A001,27077,https://www2.auc.ab.ca/Proceeding27077/ProceedingDocuments/Forms/AllItems.aspx,https://www2.auc.ab.ca/Proceeding27077/SitePages/ManageApplications.aspx?AppNumber=27077-A001
27056-A001,27056,https://www2.auc.ab.ca/Proceeding27056/ProceedingDocuments/Forms/AllItems.aspx,https://www2.auc.ab.ca/Proceeding27056/SitePages/ManageApplications.aspx?AppNumber=27056-A001
27040-A001,27040,https://www2.auc.ab.ca/Proceeding27040/ProceedingDocuments/Forms/AllItems.aspx,https://www2.auc.ab.ca/Proceeding27040/SitePages/ManageApplications.aspx?AppNumber=27040-A001
27025-A001,27025,https://www2.auc.ab.ca/Proceeding27025/ProceedingDocuments/Forms/AllItems.aspx,https://www2.auc.ab.ca/Proceeding27025/SitePages/ManageApplications.aspx?AppNumber=27025-A001
26984-A001,26984,https://www2.auc.ab.ca/Proceeding26984/ProceedingDocuments/Forms/AllItems.aspx,https://www2.auc.ab.ca/Proceeding26984/SitePages/ManageApplications.aspx?AppNumber=26984-A001
26977-A001,26977,https://www2.auc.ab.ca/Proceeding26977/ProceedingDocuments/Forms/AllItems.aspx,https://www2.auc.ab.ca/Proceeding26977/SitePages/ManageApplications.aspx?AppNumber=26977-A001
26926-A001,26926,https://www2.auc.ab.ca/Proceeding26926/ProceedingDocuments/Forms/AllItems.aspx,https://www2.auc.ab.ca/Proceeding26926/SitePages/ManageApplications.aspx?AppNumber=26926-A001
26922-A001,26922,https://www2.auc.ab.ca/Proceeding26922/ProceedingDocuments/Forms/AllItems.aspx,https://www2.auc.ab.ca/Proceeding26922/SitePages/ManageApplications.aspx?AppNumber=26922-A001
26901-A001,26901,https://www2.auc.ab.ca/Proceeding26901/ProceedingDocuments/Forms/AllItems.aspx,https://www2.auc.ab.ca/Proceeding26901/SitePages/ManageApplications.aspx?AppNumber=26901-A001
26893-A002,26893,https://www2.auc.ab.ca/Proceeding26893/ProceedingDocuments/Forms/AllItems.aspx,https://www2.auc.ab.ca/Proceeding26893/SitePages/ManageApplications.aspx?AppNumber=26893-A002
26893-A001,26893,https://www2.auc.ab.ca/Proceeding26893/ProceedingDocuments/Forms/AllItems.aspx,https://www2.auc.ab.ca/Proceeding26893/SitePages/ManageApplications.aspx?AppNumber=26893-A001
26892-A002,26892,https://www2.auc.ab.ca/Proceeding26892/ProceedingDocuments/Forms/AllItems.aspx,https://www2.auc.ab.ca/Proceeding26892/SitePages/ManageApplications.aspx?AppNumber=26892-A002
26892-A001,26892,https://www2.auc.ab.ca/Proceeding26892/ProceedingDocuments/Forms/AllItems.aspx,https://www2.auc.ab.ca/Proceeding26892/SitePages/ManageApplications.aspx?AppNumber=26892-A001
26861-A001,26861,https://www2.auc.ab.ca/Proceeding26861/ProceedingDocuments/Forms/AllItems.aspx,https://www2.auc.ab.ca/Proceeding26861/SitePages/ManageApplications.aspx?AppNumber=26861-A001
26854-A001,26854,https://www2.auc.ab.ca/Proceeding26854/ProceedingDocuments/Forms/AllItems.aspx,https://www2.auc.ab.ca/Proceeding26854/SitePages/ManageApplications.aspx?AppNumber=26854-A001
26853-A001,26853,https://www2.auc.ab.ca/Proceeding26853/ProceedingDocuments/Forms/AllItems.aspx,https://www2.auc.ab.ca/Proceeding26853/SitePages/ManageApplications.aspx?AppNumber=26853-A001
26768-A001,26768,https://www2.auc.ab.ca/Proceeding26768/ProceedingDocuments/Forms/AllItems.aspx,https://www2.auc.ab.ca/Proceeding26768/SitePages/ManageApplications.aspx?AppNumber=26768-A001
26767-A001,26767,https://www2.auc.ab.ca/Proceeding26767/ProceedingDocuments/Forms/AllItems.aspx,https://www2.auc.ab.ca/Proceeding26767/SitePages/ManageApplications.aspx?AppNumber=26767-A001
26760-A001,26760,https://www2.auc.ab.ca/Proceeding26760/ProceedingDocuments/Forms/AllItems.aspx,https://www2.auc.ab.ca/Proceeding26760/SitePages/ManageApplications.aspx?AppNumber=26760-A001
26734-A001,26734,https://www2.auc.ab.ca/Proceeding26734/ProceedingDocuments/Forms/AllItems.aspx,https://www2.auc.ab.ca/Proceeding26734/SitePages/ManageApplications.aspx?AppNumber=26734-A001
26733-A001,26733,https://www2.auc.ab.ca/Proceeding26733/ProceedingDocuments/Forms/AllItems.aspx,https://www2.auc.ab.ca/Proceeding26733/SitePages/ManageApplications.aspx?AppNumber=26733-A001
26722-A004,26722,https://www2.auc.ab.ca/Proceeding26722/ProceedingDocuments/Forms/AllItems.aspx,https://www2.auc.ab.ca/Proceeding26722/SitePages/ManageApplications.aspx?AppNumber=26722-A004
26722-A003,26722,https://www2.auc.ab.ca/Proceeding26722/ProceedingDocuments/Forms/AllItems.aspx,https://www2.auc.ab.ca/Proceeding26722/SitePages/ManageApplications.aspx?AppNumber=26722-A003
26722-A002,26722,https://www2.auc.ab.ca/Proceeding26722/ProceedingDocuments/Forms/AllItems.aspx,https://www2.auc.ab.ca/Proceeding26722/SitePages/ManageApplications.aspx?AppNumber=26722-A002
26722-A001,26722,https://www2.auc.ab.ca/Proceeding26722/ProceedingDocuments/Forms/AllItems.aspx,https://www2.auc.ab.ca/Proceeding26722/SitePages/ManageApplications.aspx?AppNumber=26722-A001
26657-A001,26657,https://www2.auc.ab.ca/Proceeding26657/ProceedingDocuments/Forms/AllItems.aspx,https://www2.auc.ab.ca/Proceeding26657/SitePages/ManageApplications.aspx?AppNumber=26657-A001
26633-A001,26633,https://www2.auc.ab.ca/Proceeding26633/ProceedingDocuments/Forms/AllItems.aspx,https://www2.auc.ab.ca/Proceeding26633/SitePages/ManageApplications.aspx?AppNumber=26633-A001
26625-A001,26625,https://www2.auc.ab.ca/Proceeding26625/ProceedingDocuments/Forms/AllItems.aspx,https://www2.auc.ab.ca/Proceeding26625/SitePages/ManageApplications.aspx?AppNumber=26625-A001
26578-A001,26578,https://www2.auc.ab.ca/Proceeding26578/ProceedingDocuments/Forms/AllItems.aspx,https://www2.auc.ab.ca/Proceeding26578/SitePages/ManageApplications.aspx?AppNumber=26578-A001
26572-A001,26572,https://www2.auc.ab.ca/Proceeding26572/ProceedingDocuments/Forms/AllItems.aspx,https://www2.auc.ab.ca/Proceeding26572/SitePages/ManageApplications.aspx?AppNumber=26572-A001
26538-A001,26538,https://www2.auc.ab.ca/Proceeding26538/ProceedingDocuments/Forms/AllItems.aspx,https://www2.auc.ab.ca/Proceeding26538/SitePages/ManageApplications.aspx?AppNumber=26538-A001
26528-A001,26528,https://www2.auc.ab.ca/Proceeding26528/ProceedingDocuments/Forms/AllItems.aspx,https://www2.auc.ab.ca/Proceeding26528/SitePages/ManageApplications.aspx?AppNumber=26528-A001
26514-A002,26514,https://www2.auc.ab.ca/Proceeding26514/ProceedingDocuments/Forms/AllItems.aspx,https://www2.auc.ab.ca/Proceeding26514/SitePages/ManageApplications.aspx?AppNumber=26514-A002
26514-A001,26514,https://www2.auc.ab.ca/Proceeding26514/ProceedingDocuments/Forms/AllItems.aspx,https://www2.auc.ab.ca/Proceeding26514/SitePages/ManageApplications.aspx?AppNumber=26514-A001
26496-A001,26496,https://www2.auc.ab.ca/Proceeding26496/ProceedingDocuments/Forms/AllItems.aspx,https://www2.auc.ab.ca/Proceeding26496/SitePages/ManageApplications.aspx?AppNumber=26496-A001
26485-A001,26485,https://www2.auc.ab.ca/Proceeding26485/ProceedingDocuments/Forms/AllItems.aspx,https://www2.auc.ab.ca/Proceeding26485/SitePages/ManageApplications.aspx?AppNumber=26485-A001
26472-A001,26472,https://www2.auc.ab.ca/Proceeding26472/ProceedingDocuments/Forms/AllItems.aspx,https://www2.auc.ab.ca/Proceeding26472/SitePages/ManageApplications.aspx?AppNumber=26472-A001
26471-A001,26471,https://www2.auc.ab.ca/Proceeding26471/ProceedingDocuments/Forms/AllItems.aspx,https://www2.auc.ab.ca/Proceeding26471/SitePages/ManageApplications.aspx?AppNumber=26471-A001
26435-A001,26435,https://www2.auc.ab.ca/Proceeding26435/ProceedingDocuments/Forms/AllItems.aspx,https://www2.auc.ab.ca/Proceeding26435/SitePages/ManageApplications.aspx?AppNumber=26435-A001
26423-A001,26423,https://www2.auc.ab.ca/Proceeding26423/ProceedingDocuments/Forms/AllItems.aspx,https://www2.auc.ab.ca/Proceeding26423/SitePages/ManageApplications.aspx?AppNumber=26423-A001
26404-A001,26404,https://www2.auc.ab.ca/Proceeding26404/ProceedingDocuments/Forms/AllItems.aspx,https://www2.auc.ab.ca/Proceeding26404/SitePages/ManageApplications.aspx?AppNumber=26404-A001
26395-A001,26395,https://www2.auc.ab.ca/Proceeding26395/ProceedingDocuments/Forms/AllItems.aspx,https://www2.auc.ab.ca/Proceeding26395/SitePages/ManageApplications.aspx?AppNumber=26395-A001
26393-A001,26393,https://www2.auc.ab.ca/Proceeding26393/ProceedingDocuments/Forms/AllItems.aspx,https://www2.auc.ab.ca/Proceeding26393/SitePages/ManageApplications.aspx?AppNumber=26393-A001
26392-A001,26392,https://www2.auc.ab.ca/Proceeding26392/ProceedingDocuments/Forms/AllItems.aspx,https://www2.auc.ab.ca/Proceeding26392/SitePages/ManageApplications.aspx?AppNumber=26392-A001
26383-A002,26383,https://www2.auc.ab.ca/Proceeding26383/ProceedingDocuments/Forms/AllItems.aspx,https://www2.auc.ab.ca/Proceeding26383/SitePages/ManageApplications.aspx?AppNumber=26383-A002
26383-A001,26383,https://www2.auc.ab.ca/Proceeding26383/ProceedingDocuments/Forms/AllItems.aspx,https://www2.auc.ab.ca/Proceeding26383/SitePages/ManageApplications.aspx?AppNumber=26383-A001
26372-A001,26372,https://www2.auc.ab.ca/Proceeding26372/ProceedingDocuments/Forms/AllItems.aspx,https://www2.auc.ab.ca/Proceeding26372/SitePages/ManageApplications.aspx?AppNumber=26372-A001
26362-A001,26362,https://www2.auc.ab.ca/Proceeding26362/ProceedingDocuments/Forms/AllItems.aspx,https://www2.auc.ab.ca/Proceeding26362/SitePages/ManageApplications.aspx?AppNumber=26362-A001
26349-A001,26349,https://www2.auc.ab.ca/Proceeding26349/ProceedingDocuments/Forms/AllItems.aspx,https://www2.auc.ab.ca/Proceeding26349/SitePages/ManageApplications.aspx?AppNumber=26349-A001
26347-A001,26347,https://www2.auc.ab.ca/Proceeding26347/ProceedingDocuments/Forms/AllItems.aspx,https://www2.auc.ab.ca/Proceeding26347/SitePages/ManageApplications.aspx?AppNumber=26347-A001
26317-A001,26317,https://www2.auc.ab.ca/Proceeding26317/ProceedingDocuments/Forms/AllItems.aspx,https://www2.auc.ab.ca/Proceeding26317/SitePages/ManageApplications.aspx?AppNumber=26317-A001
26322-A001,26322,https://www2.auc.ab.ca/Proceeding26322/ProceedingDocuments/Forms/AllItems.aspx,https://www2.auc.ab.ca/Proceeding26322/SitePages/ManageApplications.aspx?AppNumber=26322-A001
26300-A001,26300,https://www2.auc.ab.ca/Proceeding26300/ProceedingDocuments/Forms/AllItems.aspx,https://www2.auc.ab.ca/Proceeding26300/SitePages/ManageApplications.aspx?AppNumber=26300-A001
26299-A001,26299,https://www2.auc.ab.ca/Proceeding26299/ProceedingDocuments/Forms/AllItems.aspx,https://www2.auc.ab.ca/Proceeding26299/SitePages/ManageApplications.aspx?AppNumber=26299-A001
26286-A002,26286,https://www2.auc.ab.ca/Proceeding26286/ProceedingDocuments/Forms/AllItems.aspx,https://www2.auc.ab.ca/Proceeding26286/SitePages/ManageApplications.aspx?AppNumber=26286-A002
26286-A001,26286,https://www2.auc.ab.ca/Proceeding26286/ProceedingDocuments/Forms/AllItems.aspx,https://www2.auc.ab.ca/Proceeding26286/SitePages/ManageApplications.aspx?AppNumber=26286-A001
26172-A001,26172,https://www2.auc.ab.ca/Proceeding26172/ProceedingDocuments/Forms/AllItems.aspx,https://www2.auc.ab.ca/Proceeding26172/SitePages/ManageApplications.aspx?AppNumber=26172-A001
26097-A001,26097,https://www2.auc.ab.ca/Proceeding26097/ProceedingDocuments/Forms/AllItems.aspx,https://www2.auc.ab.ca/Proceeding26097/SitePages/ManageApplications.aspx?AppNumber=26097-A001
26063-A002,26063,https://www2.auc.ab.ca/Proceeding26063/ProceedingDocuments/Forms/AllItems.aspx,https://www2.auc.ab.ca/Proceeding26063/SitePages/ManageApplications.aspx?AppNumber=26063-A002
26064-A001,26064,https://www2.auc.ab.ca/Proceeding26064/ProceedingDocuments/Forms/AllItems.aspx,https://www2.auc.ab.ca/Proceeding26064/SitePages/ManageApplications.aspx?AppNumber=26064-A001
26063-A001,26063,https://www2.auc.ab.ca/Proceeding26063/ProceedingDocuments/Forms/AllItems.aspx,https://www2.auc.ab.ca/Proceeding26063/SitePages/ManageApplications.aspx?AppNumber=26063-A001
26038-A001,26038,https://www2.auc.ab.ca/Proceeding26038/ProceedingDocuments/Forms/AllItems.aspx,https://www2.auc.ab.ca/Proceeding26038/SitePages/ManageApplications.aspx?AppNumber=26038-A001
25954-A001,25954,https://www2.auc.ab.ca/Proceeding25954/ProceedingDocuments/Forms/AllItems.aspx,https://www2.auc.ab.ca/Proceeding25954/SitePages/ManageApplications.aspx?AppNumber=25954-A001
25951-A002,25951,https://www2.auc.ab.ca/Proceeding25951/ProceedingDocuments/Forms/AllItems.aspx,https://www2.auc.ab.ca/Proceeding25951/SitePages/ManageApplications.aspx?AppNumber=25951-A002
25951-A001,25951,https://www2.auc.ab.ca/Proceeding25951/ProceedingDocuments/Forms/AllItems.aspx,https://www2.auc.ab.ca/Proceeding25951/SitePages/ManageApplications.aspx?AppNumber=25951-A001
25950-A001,25950,https://www2.auc.ab.ca/Proceeding25950/ProceedingDocuments/Forms/AllItems.aspx,https://www2.auc.ab.ca/Proceeding25950/SitePages/ManageApplications.aspx?AppNumber=25950-A001
25897-A001,25897,https://www2.auc.ab.ca/Proceeding25897/ProceedingDocuments/Forms/AllItems.aspx,https://www2.auc.ab.ca/Proceeding25897/SitePages/ManageApplications.aspx?AppNumber=25897-A001
25859-A002,25859,https://www2.auc.ab.ca/Proceeding25859/ProceedingDocuments/Forms/AllItems.aspx,https://www2.auc.ab.ca/Proceeding25859/SitePages/ManageApplications.aspx?AppNumber=25859-A002
25859-A001,25859,https://www2.auc.ab.ca/Proceeding25859/ProceedingDocuments/Forms/AllItems.aspx,https://www2.auc.ab.ca/Proceeding25859/SitePages/ManageApplications.aspx?AppNumber=25859-A001
25858-A001,25858,https://www2.auc.ab.ca/Proceeding25858/ProceedingDocuments/Forms/AllItems.aspx,https://www2.auc.ab.ca/Proceeding25858/SitePages/ManageApplications.aspx?AppNumber=25858-A001
25806-A001,25806,https://www2.auc.ab.ca/Proceeding25806/ProceedingDocuments/Forms/AllItems.aspx,https://www2.auc.ab.ca/Proceeding25806/SitePages/ManageApplications.aspx?AppNumber=25806-A001
25524-A001,25524,https://www2.auc.ab.ca/Proceeding25524/ProceedingDocuments/Forms/AllItems.aspx,https://www2.auc.ab.ca/Proceeding25524/SitePages/ManageApplications.aspx?AppNumber=25524-A001
25711-A001,25711,https://www2.auc.ab.ca/Proceeding25711/ProceedingDocuments/Forms/AllItems.aspx,https://www2.auc.ab.ca/Proceeding25711/SitePages/ManageApplications.aspx?AppNumber=25711-A001
25710-A001,25710,https://www2.auc.ab.ca/Proceeding25710/ProceedingDocuments/Forms/AllItems.aspx,https://www2.auc.ab.ca/Proceeding25710/SitePages/ManageApplications.aspx?AppNumber=25710-A001
25708-A001,25708,https://www2.auc.ab.ca/Proceeding25708/ProceedingDocuments/Forms/AllItems.aspx,https://www2.auc.ab.ca/Proceeding25708/SitePages/ManageApplications.aspx?AppNumber=25708-A001
25690-A001,25690,https://www2.auc.ab.ca/Proceeding25690/ProceedingDocuments/Forms/AllItems.aspx,https://www2.auc.ab.ca/Proceeding25690/SitePages/ManageApplications.aspx?AppNumber=25690-A001
25671-A001,25671,https://www2.auc.ab.ca/Proceeding25671/ProceedingDocuments/Forms/AllItems.aspx,https://www2.auc.ab.ca/Proceeding25671/SitePages/ManageApplications.aspx?AppNumber=25671-A001
25668-A001,25668,https://www2.auc.ab.ca/Proceeding25668/ProceedingDocuments/Forms/AllItems.aspx,https://www2.auc.ab.ca/Proceeding25668/SitePages/ManageApplications.aspx?AppNumber=25668-A001
25658-A001,25658,https://www2.auc.ab.ca/Proceeding25658/ProceedingDocuments/Forms/AllItems.aspx,https://www2.auc.ab.ca/Proceeding25658/SitePages/ManageApplications.aspx?AppNumber=25658-A001
25634-A002,25634,https://www2.auc.ab.ca/Proceeding25634/ProceedingDocuments/Forms/AllItems.aspx,https://www2.auc.ab.ca/Proceeding25634/SitePages/ManageApplications.aspx?AppNumber=25634-A002
25634-A001,25634,https://www2.auc.ab.ca/Proceeding25634/ProceedingDocuments/Forms/AllItems.aspx,https://www2.auc.ab.ca/Proceeding25634/SitePages/ManageApplications.aspx?AppNumber=25634-A001
25626-A001,25626,https://www2.auc.ab.ca/Proceeding25626/ProceedingDocuments/Forms/AllItems.aspx,https://www2.auc.ab.ca/Proceeding25626/SitePages/ManageApplications.aspx?AppNumber=25626-A001
25621-A001,25621,https://www2.auc.ab.ca/Proceeding25621/ProceedingDocuments/Forms/AllItems.aspx,https://www2.auc.ab.ca/Proceeding25621/SitePages/ManageApplications.aspx?AppNumber=25621-A001
25617-A001,25617,https://www2.auc.ab.ca/Proceeding25617/ProceedingDocuments/Forms/AllItems.aspx,https://www2.auc.ab.ca/Proceeding25617/SitePages/ManageApplications.aspx?AppNumber=25617-A001
25584-A001,25584,https://www2.auc.ab.ca/Proceeding25584/ProceedingDocuments/Forms/AllItems.aspx,https://www2.auc.ab.ca/Proceeding25584/SitePages/ManageApplications.aspx?AppNumber=25584-A001
25514-A001,25514,https://www2.auc.ab.ca/Proceeding25514/ProceedingDocuments/Forms/AllItems.aspx,https://www2.auc.ab.ca/Proceeding25514/SitePages/ManageApplications.aspx?AppNumber=25514-A001
25481-A001,25481,https://www2.auc.ab.ca/Proceeding25481/ProceedingDocuments/Forms/AllItems.aspx,https://www2.auc.ab.ca/Proceeding25481/SitePages/ManageApplications.aspx?AppNumber=25481-A001
25459-A001,25459,https://www2.auc.ab.ca/Proceeding25459/ProceedingDocuments/Forms/AllItems.aspx,https://www2.auc.ab.ca/Proceeding25459/SitePages/ManageApplications.aspx?AppNumber=25459-A001
25451-A001,25451,https://www2.auc.ab.ca/Proceeding25451/ProceedingDocuments/Forms/AllItems.aspx,https://www2.auc.ab.ca/Proceeding25451/SitePages/ManageApplications.aspx?AppNumber=25451-A001
25438-A001,25438,https://www2.auc.ab.ca/Proceeding25438/ProceedingDocuments/Forms/AllItems.aspx,https://www2.auc.ab.ca/Proceeding25438/SitePages/ManageApplications.aspx?AppNumber=25438-A001
25413-A001,25413,https://www2.auc.ab.ca/Proceeding25413/ProceedingDocuments/Forms/AllItems.aspx,https://www2.auc.ab.ca/Proceeding25413/SitePages/ManageApplications.aspx?AppNumber=25413-A001
25412-A001,25412,https://www2.auc.ab.ca/Proceeding25412/ProceedingDocuments/Forms/AllItems.aspx,https://www2.auc.ab.ca/Proceeding25412/SitePages/ManageApplications.aspx?AppNumber=25412-A001
25411-A001,25411,https://www2.auc.ab.ca/Proceeding25411/ProceedingDocuments/Forms/AllItems.aspx,https://www2.auc.ab.ca/Proceeding25411/SitePages/ManageApplications.aspx?AppNumber=25411-A001
25409-A001,25409,https://www2.auc.ab.ca/Proceeding25409/ProceedingDocuments/Forms/AllItems.aspx,https://www2.auc.ab.ca/Proceeding25409/SitePages/ManageApplications.aspx?AppNumber=25409-A001
25346-A001,25346,https://www2.auc.ab.ca/Proceeding25346/ProceedingDocuments/Forms/AllItems.aspx,https://www2.auc.ab.ca/Proceeding25346/SitePages/ManageApplications.aspx?AppNumber=25346-A001
25325-A001,25325,https://www2.auc.ab.ca/Proceeding25325/ProceedingDocuments/Forms/AllItems.aspx,https://www2.auc.ab.ca/Proceeding25325/SitePages/ManageApplications.aspx?AppNumber=25325-A001
25312-A001,25312,https://www2.auc.ab.ca/Proceeding25312/ProceedingDocuments/Forms/AllItems.aspx,https://www2.auc.ab.ca/Proceeding25312/SitePages/ManageApplications.aspx?AppNumber=25312-A001
25253-A001,25253,https://www2.auc.ab.ca/Proceeding25253/ProceedingDocuments/Forms/AllItems.aspx,https://www2.auc.ab.ca/Proceeding25253/SitePages/ManageApplications.aspx?AppNumber=25253-A001
25234-A002,25234,https://www2.auc.ab.ca/Proceeding25234/ProceedingDocuments/Forms/AllItems.aspx,https://www2.auc.ab.ca/Proceeding25234/SitePages/ManageApplications.aspx?AppNumber=25234-A002
25236-A002,25236,https://www2.auc.ab.ca/Proceeding25236/ProceedingDocuments/Forms/AllItems.aspx,https://www2.auc.ab.ca/Proceeding25236/SitePages/ManageApplications.aspx?AppNumber=25236-A002
25236-A001,25236,https://www2.auc.ab.ca/Proceeding25236/ProceedingDocuments/Forms/AllItems.aspx,https://www2.auc.ab.ca/Proceeding25236/SitePages/ManageApplications.aspx?AppNumber=25236-A001
25234-A001,25234,https://www2.auc.ab.ca/Proceeding25234/ProceedingDocuments/Forms/AllItems.aspx,https://www2.auc.ab.ca/Proceeding25234/SitePages/ManageApplications.aspx?AppNumber=25234-A001
25170-A002,25170,https://www2.auc.ab.ca/Proceeding25170/ProceedingDocuments/Forms/AllItems.aspx,https://www2.auc.ab.ca/Proceeding25170/SitePages/ManageApplications.aspx?AppNumber=25170-A002
25170-A001,25170,https://www2.auc.ab.ca/Proceeding25170/ProceedingDocuments/Forms/AllItems.aspx,https://www2.auc.ab.ca/Proceeding25170/SitePages/ManageApplications.aspx?AppNumber=25170-A001
25124-A001,25124,https://www2.auc.ab.ca/Proceeding25124/ProceedingDocuments/Forms/AllItems.aspx,https://www2.auc.ab.ca/Proceeding25124/SitePages/ManageApplications.aspx?AppNumber=25124-A001
25056-A001,25056,https://www2.auc.ab.ca/Proceeding25056/ProceedingDocuments/Forms/AllItems.aspx,https://www2.auc.ab.ca/Proceeding25056/SitePages/ManageApplications.aspx?AppNumber=25056-A001
25035-A001,25035,https://www2.auc.ab.ca/Proceeding25035/ProceedingDocuments/Forms/AllItems.aspx,https://www2.auc.ab.ca/Proceeding25035/SitePages/ManageApplications.aspx?AppNumber=25035-A001
24857-A001,24857,https://www2.auc.ab.ca/Proceeding24857/ProceedingDocuments/Forms/AllItems.aspx,https://www2.auc.ab.ca/Proceeding24857/SitePages/ManageApplications.aspx?AppNumber=24857-A001
24845-A001,24845,https://www2.auc.ab.ca/Proceeding24845/ProceedingDocuments/Forms/AllItems.aspx,https://www2.auc.ab.ca/Proceeding24845/SitePages/ManageApplications.aspx?AppNumber=24845-A001
24751-A001,24751,https://www2.auc.ab.ca/Proceeding24751/ProceedingDocuments/Forms/AllItems.aspx,https://www2.auc.ab.ca/Proceeding24751/SitePages/ManageApplications.aspx?AppNumber=24751-A001
24739-A001,24739,https://www2.auc.ab.ca/Proceeding24739/ProceedingDocuments/Forms/AllItems.aspx,https://www2.auc.ab.ca/Proceeding24739/SitePages/ManageApplications.aspx?AppNumber=24739-A001
24698-A001,24698,https://www2.auc.ab.ca/Proceeding24698/ProceedingDocuments/Forms/AllItems.aspx,https://www2.auc.ab.ca/Proceeding24698/SitePages/ManageApplications.aspx?AppNumber=24698-A001
24650-A001,24650,https://www2.auc.ab.ca/Proceeding24650/ProceedingDocuments/Forms/AllItems.aspx,https://www2.auc.ab.ca/Proceeding24650/SitePages/ManageApplications.aspx?AppNumber=24650-A001
24636-A001,24636,https://www2.auc.ab.ca/Proceeding24636/ProceedingDocuments/Forms/AllItems.aspx,https://www2.auc.ab.ca/Proceeding24636/SitePages/ManageApplications.aspx?AppNumber=24636-A001
24573-A001,24573,https://www2.auc.ab.ca/Proceeding24573/ProceedingDocuments/Forms/AllItems.aspx,https://www2.auc.ab.ca/Proceeding24573/SitePages/ManageApplications.aspx?AppNumber=24573-A001
24502-A001,24502,https://www2.auc.ab.ca/Proceeding24502/ProceedingDocuments/Forms/AllItems.aspx,https://www2.auc.ab.ca/Proceeding24502/SitePages/ManageApplications.aspx?AppNumber=24502-A001
24363-A001,24363,https://www2.auc.ab.ca/Proceeding24363/ProceedingDocuments/Forms/AllItems.aspx,https://www2.auc.ab.ca/Proceeding24363/SitePages/ManageApplications.aspx?AppNumber=24363-A001
24362-A002,24362,https://www2.auc.ab.ca/Proceeding24362/ProceedingDocuments/Forms/AllItems.aspx,https://www2.auc.ab.ca/Proceeding24362/SitePages/ManageApplications.aspx?AppNumber=24362-A002
24362-A001,24362,https://www2.auc.ab.ca/Proceeding24362/ProceedingDocuments/Forms/AllItems.aspx,https://www2.auc.ab.ca/Proceeding24362/SitePages/ManageApplications.aspx?AppNumber=24362-A001
24314-A001,24314,https://www2.auc.ab.ca/Proceeding24314/ProceedingDocuments/Forms/AllItems.aspx,https://www2.auc.ab.ca/Proceeding24314/SitePages/ManageApplications.aspx?AppNumber=24314-A001
24267-A002,24267,https://www2.auc.ab.ca/Proceeding24267/ProceedingDocuments/Forms/AllItems.aspx,https://www2.auc.ab.ca/Proceeding24267/SitePages/ManageApplications.aspx?AppNumber=24267-A002
24267-A001,24267,https://www2.auc.ab.ca/Proceeding24267/ProceedingDocuments/Forms/AllItems.aspx,https://www2.auc.ab.ca/Proceeding24267/SitePages/ManageApplications.aspx?AppNumber=24267-A001
24266-A001,24266,https://www2.auc.ab.ca/Proceeding24266/ProceedingDocuments/Forms/AllItems.aspx,https://www2.auc.ab.ca/Proceeding24266/SitePages/ManageApplications.aspx?AppNumber=24266-A001
24202-A002,24202,https://www2.auc.ab.ca/Proceeding24202/ProceedingDocuments/Forms/AllItems.aspx,https://www2.auc.ab.ca/Proceeding24202/SitePages/ManageApplications.aspx?AppNumber=24202-A002
24202-A001,24202,https://www2.auc.ab.ca/Proceeding24202/ProceedingDocuments/Forms/AllItems.aspx,https://www2.auc.ab.ca/Proceeding24202/SitePages/ManageApplications.aspx?AppNumber=24202-A001
24191-A001,24191,https://www2.auc.ab.ca/Proceeding24191/ProceedingDocuments/Forms/AllItems.aspx,https://www2.auc.ab.ca/Proceeding24191/SitePages/ManageApplications.aspx?AppNumber=24191-A001
24186-A001,24186,https://www2.auc.ab.ca/Proceeding24186/ProceedingDocuments/Forms/AllItems.aspx,https://www2.auc.ab.ca/Proceeding24186/SitePages/ManageApplications.aspx?AppNumber=24186-A001
24130-A001,24130,https://www2.auc.ab.ca/Proceeding24130/ProceedingDocuments/Forms/AllItems.aspx,https://www2.auc.ab.ca/Proceeding24130/SitePages/ManageApplications.aspx?AppNumber=24130-A001
24125-A002,24125,https://www2.auc.ab.ca/Proceeding24125/ProceedingDocuments/Forms/AllItems.aspx,https://www2.auc.ab.ca/Proceeding24125/SitePages/ManageApplications.aspx?AppNumber=24125-A002
24125-A001,24125,https://www2.auc.ab.ca/Proceeding24125/ProceedingDocuments/Forms/AllItems.aspx,https://www2.auc.ab.ca/Proceeding24125/SitePages/ManageApplications.aspx?AppNumber=24125-A001
24108-A001,24108,https://www2.auc.ab.ca/Proceeding24108/ProceedingDocuments/Forms/AllItems.aspx,https://www2.auc.ab.ca/Proceeding24108/SitePages/ManageApplications.aspx?AppNumber=24108-A001
24009-A002,24009,https://www2.auc.ab.ca/Proceeding24009/ProceedingDocuments/Forms/AllItems.aspx,https://www2.auc.ab.ca/Proceeding24009/SitePages/ManageApplications.aspx?AppNumber=24009-A002
24009-A001,24009,https://www2.auc.ab.ca/Proceeding24009/ProceedingDocuments/Forms/AllItems.aspx,https://www2.auc.ab.ca/Proceeding24009/SitePages/ManageApplications.aspx?AppNumber=24009-A001
23951-A002,23951,https://www2.auc.ab.ca/Proceeding23951/ProceedingDocuments/Forms/AllItems.aspx,https://www2.auc.ab.ca/Proceeding23951/SitePages/ManageApplications.aspx?AppNumber=23951-A002
23951-A001,23951,https://www2.auc.ab.ca/Proceeding23951/ProceedingDocuments/Forms/AllItems.aspx,https://www2.auc.ab.ca/Proceeding23951/SitePages/ManageApplications.aspx?AppNumber=23951-A001
23861-A002,23861,https://www2.auc.ab.ca/Proceeding23861/ProceedingDocuments/Forms/AllItems.aspx,https://www2.auc.ab.ca/Proceeding23861/SitePages/ManageApplications.aspx?AppNumber=23861-A002
23861-A001,23861,https://www2.auc.ab.ca/Proceeding23861/ProceedingDocuments/Forms/AllItems.aspx,https://www2.auc.ab.ca/Proceeding23861/SitePages/ManageApplications.aspx?AppNumber=23861-A001
23841-A001,23841,https://www2.auc.ab.ca/Proceeding23841/ProceedingDocuments/Forms/AllItems.aspx,https://www2.auc.ab.ca/Proceeding23841/SitePages/ManageApplications.aspx?AppNumber=23841-A001
23821-A002,23821,https://www2.auc.ab.ca/Proceeding23821/ProceedingDocuments/Forms/AllItems.aspx,https://www2.auc.ab.ca/Proceeding23821/SitePages/ManageApplications.aspx?AppNumber=23821-A002
23821-A001,23821,https://www2.auc.ab.ca/Proceeding23821/ProceedingDocuments/Forms/AllItems.aspx,https://www2.auc.ab.ca/Proceeding23821/SitePages/ManageApplications.aspx?AppNumber=23821-A001
23363-A001,23363,https://www2.auc.ab.ca/Proceeding23363/ProceedingDocuments/Forms/AllItems.aspx,https://www2.auc.ab.ca/Proceeding23363/SitePages/ManageApplications.aspx?AppNumber=23363-A001
23763-A001,23763,https://www2.auc.ab.ca/Proceeding23763/ProceedingDocuments/Forms/AllItems.aspx,https://www2.auc.ab.ca/Proceeding23763/SitePages/ManageApplications.aspx?AppNumber=23763-A001
23646-A002,23646,https://www2.auc.ab.ca/Proceeding23646/ProceedingDocuments/Forms/AllItems.aspx,https://www2.auc.ab.ca/Proceeding23646/SitePages/ManageApplications.aspx?AppNumber=23646-A002
23646-A001,23646,https://www2.auc.ab.ca/Proceeding23646/ProceedingDocuments/Forms/AllItems.aspx,https://www2.auc.ab.ca/Proceeding23646/SitePages/ManageApplications.aspx?AppNumber=23646-A001
23645-A002,23645,https://www2.auc.ab.ca/Proceeding23645/ProceedingDocuments/Forms/AllItems.aspx,https://www2.auc.ab.ca/Proceeding23645/SitePages/ManageApplications.aspx?AppNumber=23645-A002
23645-A001,23645,https://www2.auc.ab.ca/Proceeding23645/ProceedingDocuments/Forms/AllItems.aspx,https://www2.auc.ab.ca/Proceeding23645/SitePages/ManageApplications.aspx?AppNumber=23645-A001
23580-A002,23580,https://www2.auc.ab.ca/Proceeding23580/ProceedingDocuments/Forms/AllItems.aspx,https://www2.auc.ab.ca/Proceeding23580/SitePages/ManageApplications.aspx?AppNumber=23580-A002
23612-A001,23612,https://www2.auc.ab.ca/Proceeding23612/ProceedingDocuments/Forms/AllItems.aspx,https://www2.auc.ab.ca/Proceeding23612/SitePages/ManageApplications.aspx?AppNumber=23612-A001
23580-A001,23580,https://www2.auc.ab.ca/Proceeding23580/ProceedingDocuments/Forms/AllItems.aspx,https://www2.auc.ab.ca/Proceeding23580/SitePages/ManageApplications.aspx?AppNumber=23580-A001
23533-A001,23533,https://www2.auc.ab.ca/Proceeding23533/ProceedingDocuments/Forms/AllItems.aspx,https://www2.auc.ab.ca/Proceeding23533/SitePages/ManageApplications.aspx?AppNumber=23533-A001
23418-A002,23418,https://www2.auc.ab.ca/Proceeding23418/ProceedingDocuments/Forms/AllItems.aspx,https://www2.auc.ab.ca/Proceeding23418/SitePages/ManageApplications.aspx?AppNumber=23418-A002
23418-A001,23418,https://www2.auc.ab.ca/Proceeding23418/ProceedingDocuments/Forms/AllItems.aspx,https://www2.auc.ab.ca/Proceeding23418/SitePages/ManageApplications.aspx?AppNumber=23418-A001
23410-A001,23410,https://www2.auc.ab.ca/Proceeding23410/ProceedingDocuments/Forms/AllItems.aspx,https://www2.auc.ab.ca/Proceeding23410/SitePages/ManageApplications.aspx?AppNumber=23410-A001
23371-A001,23371,https://www2.auc.ab.ca/Proceeding23371/ProceedingDocuments/Forms/AllItems.aspx,https://www2.auc.ab.ca/Proceeding23371/SitePages/ManageApplications.aspx?AppNumber=23371-A001
23332-A001,23332,https://www2.auc.ab.ca/Proceeding23332/ProceedingDocuments/Forms/AllItems.aspx,https://www2.auc.ab.ca/Proceeding23332/SitePages/ManageApplications.aspx?AppNumber=23332-A001
23329-A001,23329,https://www2.auc.ab.ca/Proceeding23329/ProceedingDocuments/Forms/AllItems.aspx,https://www2.auc.ab.ca/Proceeding23329/SitePages/ManageApplications.aspx?AppNumber=23329-A001
23328-A001,23328,https://www2.auc.ab.ca/Proceeding23328/ProceedingDocuments/Forms/AllItems.aspx,https://www2.auc.ab.ca/Proceeding23328/SitePages/ManageApplications.aspx?AppNumber=23328-A001
23327-A001,23327,https://www2.auc.ab.ca/Proceeding23327/ProceedingDocuments/Forms/AllItems.aspx,https://www2.auc.ab.ca/Proceeding23327/SitePages/ManageApplications.aspx?AppNumber=23327-A001
23326-A001,23326,https://www2.auc.ab.ca/Proceeding23326/ProceedingDocuments/Forms/AllItems.aspx,https://www2.auc.ab.ca/Proceeding23326/SitePages/ManageApplications.aspx?AppNumber=23326-A001
23324-A001,23324,https://www2.auc.ab.ca/Proceeding23324/ProceedingDocuments/Forms/AllItems.aspx,https://www2.auc.ab.ca/Proceeding23324/SitePages/ManageApplications.aspx?AppNumber=23324-A001
23323-A001,23323,https://www2.auc.ab.ca/Proceeding23323/ProceedingDocuments/Forms/AllItems.aspx,https://www2.auc.ab.ca/Proceeding23323/SitePages/ManageApplications.aspx?AppNumber=23323-A001
23195-A001,23195,https://www2.auc.ab.ca/Proceeding23195/ProceedingDocuments/Forms/AllItems.aspx,https://www2.auc.ab.ca/Proceeding23195/SitePages/ManageApplications.aspx?AppNumber=23195-A001
23194-A001,23194,https://www2.auc.ab.ca/Proceeding23194/ProceedingDocuments/Forms/AllItems.aspx,https://www2.auc.ab.ca/Proceeding23194/SitePages/ManageApplications.aspx?AppNumber=23194-A001
23044-A001,23044,https://www2.auc.ab.ca/Proceeding23044/ProceedingDocuments/Forms/AllItems.aspx,https://www2.auc.ab.ca/Proceeding23044/SitePages/ManageApplications.aspx?AppNumber=23044-A001
22781-A001,22781,https://www2.auc.ab.ca/Proceeding22781/ProceedingDocuments/Forms/AllItems.aspx,https://www2.auc.ab.ca/Proceeding22781/SitePages/ManageApplications.aspx?AppNumber=22781-A001
22633-A001,22633,https://www2.auc.ab.ca/Proceeding22633/ProceedingDocuments/Forms/AllItems.aspx,https://www2.auc.ab.ca/Proceeding22633/SitePages/ManageApplications.aspx?AppNumber=22633-A001
22513-A001,22513,https://www2.auc.ab.ca/Proceeding22513/ProceedingDocuments/Forms/AllItems.aspx,https://www2.auc.ab.ca/Proceeding22513/SitePages/ManageApplications.aspx?AppNumber=22513-A001
22499-A001,22499,https://www2.auc.ab.ca/Proceeding22499/ProceedingDocuments/Forms/AllItems.aspx,https://www2.auc.ab.ca/Proceeding22499/SitePages/ManageApplications.aspx?AppNumber=22499-A001
22467-A001,22467,https://www2.auc.ab.ca/Proceeding22467/ProceedingDocuments/Forms/AllItems.aspx,https://www2.auc.ab.ca/Proceeding22467/SitePages/ManageApplications.aspx?AppNumber=22467-A001
22447-A001,22447,https://www2.auc.ab.ca/Proceeding22447/ProceedingDocuments/Forms/AllItems.aspx,https://www2.auc.ab.ca/Proceeding22447/SitePages/ManageApplications.aspx?AppNumber=22447-A001
22422-A001,22422,https://www2.auc.ab.ca/Proceeding22422/ProceedingDocuments/Forms/AllItems.aspx,https://www2.auc.ab.ca/Proceeding22422/SitePages/ManageApplications.aspx?AppNumber=22422-A001
22345-A002,22345,https://www2.auc.ab.ca/Proceeding22345/ProceedingDocuments/Forms/AllItems.aspx,https://www2.auc.ab.ca/Proceeding22345/SitePages/ManageApplications.aspx?AppNumber=22345-A002
22344-A001,22344,https://www2.auc.ab.ca/Proceeding22344/ProceedingDocuments/Forms/AllItems.aspx,https://www2.auc.ab.ca/Proceeding22344/SitePages/ManageApplications.aspx?AppNumber=22344-A001
22307-A001,22307,https://www2.auc.ab.ca/Proceeding22307/ProceedingDocuments/Forms/AllItems.aspx,https://www2.auc.ab.ca/Proceeding22307/SitePages/ManageApplications.aspx?AppNumber=22307-A001
22297-A001,22297,https://www2.auc.ab.ca/Proceeding22297/ProceedingDocuments/Forms/AllItems.aspx,https://www2.auc.ab.ca/Proceeding22297/SitePages/ManageApplications.aspx?AppNumber=22297-A001
22296-A001,22296,https://www2.auc.ab.ca/Proceeding22296/ProceedingDocuments/Forms/AllItems.aspx,https://www2.auc.ab.ca/Proceeding22296/SitePages/ManageApplications.aspx?AppNumber=22296-A001
21920-A001,21920,https://www2.auc.ab.ca/Proceeding21920/ProceedingDocuments/Forms/AllItems.aspx,https://www2.auc.ab.ca/Proceeding21920/SitePages/ManageApplications.aspx?AppNumber=21920-A001
21897-A001,21897,https://www2.auc.ab.ca/Proceeding21897/ProceedingDocuments/Forms/AllItems.aspx,https://www2.auc.ab.ca/Proceeding21897/SitePages/ManageApplications.aspx?AppNumber=21897-A001
20139-A001,20139,https://www2.auc.ab.ca/Proceeding20139/ProceedingDocuments/Forms/AllItems.aspx,https://www2.auc.ab.ca/Proceeding20139/SitePages/ManageApplications.aspx?AppNumber=20139-A001
1609500-1,2569,https://www2.auc.ab.ca/Proceeding2569/ProceedingDocuments/Forms/AllItems.aspx,https://www2.auc.ab.ca/Proceeding2569/SitePages/ManageApplications.aspx?AppNumber=1609500-1
1609363-1,2497,https://www2.auc.ab.ca/Proceeding2497/ProceedingDocuments/Forms/AllItems.aspx,https://www2.auc.ab.ca/Proceeding2497/SitePages/ManageApplications.aspx?AppNumber=1609363-1
1609102-1,2292,https://www2.auc.ab.ca/Proceeding2292/ProceedingDocuments/Forms/AllItems.aspx,https://www2.auc.ab.ca/Proceeding2292/SitePages/ManageApplications.aspx?AppNumber=1609102-1
1608962-2,2215,https://www2.auc.ab.ca/Proceeding2215/ProceedingDocuments/Forms/AllItems.aspx,https://www2.auc.ab.ca/Proceeding2215/SitePages/ManageApplications.aspx?AppNumber=1608962-2
1608962-1,2215,https://www2.auc.ab.ca/Proceeding2215/ProceedingDocuments/Forms/AllItems.aspx,https://www2.auc.ab.ca/Proceeding2215/SitePages/ManageApplications.aspx?AppNumber=1608962-1
1608786-1,2136,https://www2.auc.ab.ca/Proceeding2136/ProceedingDocuments/Forms/AllItems.aspx,https://www2.auc.ab.ca/Proceeding2136/SitePages/ManageApplications.aspx?AppNumber=1608786-1
1608593-1,1994,https://www2.auc.ab.ca/Proceeding1994/ProceedingDocuments/Forms/AllItems.aspx,https://www2.auc.ab.ca/Proceeding1994/SitePages/ManageApplications.aspx?AppNumber=1608593-1
1608532-1,1938,https://www2.auc.ab.ca/Proceeding1938/ProceedingDocuments/Forms/AllItems.aspx,https://www2.auc.ab.ca/Proceeding1938/SitePages/ManageApplications.aspx?AppNumber=1608532-1
1608432-1,1875,https://www2.auc.ab.ca/Proceeding1875/ProceedingDocuments/Forms/AllItems.aspx,https://www2.auc.ab.ca/Proceeding1875/SitePages/ManageApplications.aspx?AppNumber=1608432-1
1608412-2,1862,https://www2.auc.ab.ca/Proceeding1862/ProceedingDocuments/Forms/AllItems.aspx,https://www2.auc.ab.ca/Proceeding1862/SitePages/ManageApplications.aspx?AppNumber=1608412-2
1608412-1,1862,https://www2.auc.ab.ca/Proceeding1862/ProceedingDocuments/Forms/AllItems.aspx,https://www2.auc.ab.ca/Proceeding1862/SitePages/ManageApplications.aspx?AppNumber=1608412-1
1608204-1,1764,https://www2.auc.ab.ca/Proceeding1764/ProceedingDocuments/Forms/AllItems.aspx,https://www2.auc.ab.ca/Proceeding1764/SitePages/ManageApplications.aspx?AppNumber=1608204-1
1608187-1,1736,https://www2.auc.ab.ca/Proceeding1736/ProceedingDocuments/Forms/AllItems.aspx,https://www2.auc.ab.ca/Proceeding1736/SitePages/ManageApplications.aspx?AppNumber=1608187-1
1608031-1,1654,https://www2.auc.ab.ca/Proceeding1654/ProceedingDocuments/Forms/AllItems.aspx,https://www2.auc.ab.ca/Proceeding1654/SitePages/ManageApplications.aspx?AppNumber=1608031-1
1607869-1,1563,https://www2.auc.ab.ca/Proceeding1563/ProceedingDocuments/Forms/AllItems.aspx,https://www2.auc.ab.ca/Proceeding1563/SitePages/ManageApplications.aspx?AppNumber=1607869-1
1607174-2,1166,https://www2.auc.ab.ca/Proceeding1166/ProceedingDocuments/Forms/AllItems.aspx,https://www2.auc.ab.ca/Proceeding1166/SitePages/ManageApplications.aspx?AppNumber=1607174-2
1607174-1,1166,https://www2.auc.ab.ca/Proceeding1166/ProceedingDocuments/Forms/AllItems.aspx,https://www2.auc.ab.ca/Proceeding1166/SitePages/ManageApplications.aspx?AppNumber=1607174-1
1572004-2,17057,https://www2.auc.ab.ca/Proceeding17057/ProceedingDocuments/Forms/AllItems.aspx,https://www2.auc.ab.ca/Proceeding17057/SitePages/ManageApplications.aspx?AppNumber=1572004-2
1572004-1,17057,https://www2.auc.ab.ca/Proceeding17057/ProceedingDocuments/Forms/AllItems.aspx,https://www2.auc.ab.ca/Proceeding17057/SitePages/ManageApplications.aspx?AppNumber=1572004-1
1571463-1,17048,https://www2.auc.ab.ca/Proceeding17048/ProceedingDocuments/Forms/AllItems.aspx,https://www2.auc.ab.ca/Proceeding17048/SitePages/ManageApplications.aspx?AppNumber=1571463-1
1567376-1,16957,https://www2.auc.ab.ca/Proceeding16957/ProceedingDocuments/Forms/AllItems.aspx,https://www2.auc.ab.ca/Proceeding16957/SitePages/ManageApplications.aspx?AppNumber=1567376-1
1567218-2,16956,https://www2.auc.ab.ca/Proceeding16956/ProceedingDocuments/Forms/AllItems.aspx,https://www2.auc.ab.ca/Proceeding16956/SitePages/ManageApplications.aspx?AppNumber=1567218-2
1567218-1,16956,https://www2.auc.ab.ca/Proceeding16956/ProceedingDocuments/Forms/AllItems.aspx,https://www2.auc.ab.ca/Proceeding16956/SitePages/ManageApplications.aspx?AppNumber=1567218-1
1561598-2,16860,https://www2.auc.ab.ca/Proceeding16860/ProceedingDocuments/Forms/AllItems.aspx,https://www2.auc.ab.ca/Proceeding16860/SitePages/ManageApplications.aspx?AppNumber=1561598-2
1561598-1,16860,https://www2.auc.ab.ca/Proceeding16860/ProceedingDocuments/Forms/AllItems.aspx,https://www2.auc.ab.ca/Proceeding16860/SitePages/ManageApplications.aspx?AppNumber=1561598-1
1560556-2,16842,https://www2.auc.ab.ca/Proceeding16842/ProceedingDocuments/Forms/AllItems.aspx,https://www2.auc.ab.ca/Proceeding16842/SitePages/ManageApplications.aspx?AppNumber=1560556-2
1560556-1,16842,https://www2.auc.ab.ca/Proceeding16842/ProceedingDocuments/Forms/AllItems.aspx,https://www2.auc.ab.ca/Proceeding16842/SitePages/ManageApplications.aspx?AppNumber=1560556-1
1560384-2,16841,https://www2.auc.ab.ca/Proceeding16841/ProceedingDocuments/Forms/AllItems.aspx,https://www2.auc.ab.ca/Proceeding16841/SitePages/ManageApplications.aspx?AppNumber=1560384-2
1560384-1,16841,https://www2.auc.ab.ca/Proceeding16841/ProceedingDocuments/Forms/AllItems.aspx,https://www2.auc.ab.ca/Proceeding16841/SitePages/ManageApplications.aspx?AppNumber=1560384-1
1560169-2,16838,https://www2.auc.ab.ca/Proceeding16838/ProceedingDocuments/Forms/AllItems.aspx,https://www2.auc.ab.ca/Proceeding16838/SitePages/ManageApplications.aspx?AppNumber=1560169-2
1560169-1,16838,https://www2.auc.ab.ca/Proceeding16838/ProceedingDocuments/Forms/AllItems.aspx,https://www2.auc.ab.ca/Proceeding16838/SitePages/ManageApplications.aspx?AppNumber=1560169-1
1560168-2,16837,https://www2.auc.ab.ca/Proceeding16837/ProceedingDocuments/Forms/AllItems.aspx,https://www2.auc.ab.ca/Proceeding16837/SitePages/ManageApplications.aspx?AppNumber=1560168-2
1560168-1,16837,https://www2.auc.ab.ca/Proceeding16837/ProceedingDocuments/Forms/AllItems.aspx,https://www2.auc.ab.ca/Proceeding16837/SitePages/ManageApplications.aspx?AppNumber=1560168-1
1560167-2,16836,https://www2.auc.ab.ca/Proceeding16836/ProceedingDocuments/Forms/AllItems.aspx,https://www2.auc.ab.ca/Proceeding16836/SitePages/ManageApplications.aspx?AppNumber=1560167-2
1560167-1,16836,https://www2.auc.ab.ca/Proceeding16836/ProceedingDocuments/Forms/AllItems.aspx,https://www2.auc.ab.ca/Proceeding16836/SitePages/ManageApplications.aspx?AppNumber=1560167-1
1559329-2,16832,https://www2.auc.ab.ca/Proceeding16832/ProceedingDocuments/Forms/AllItems.aspx,https://www2.auc.ab.ca/Proceeding16832/SitePages/ManageApplications.aspx?AppNumber=1559329-2
1559329-1,16832,https://www2.auc.ab.ca/Proceeding16832/ProceedingDocuments/Forms/AllItems.aspx,https://www2.auc.ab.ca/Proceeding16832/SitePages/ManageApplications.aspx?AppNumber=1559329-1
1557947-2,16808,https://www2.auc.ab.ca/Proceeding16808/ProceedingDocuments/Forms/AllItems.aspx,https://www2.auc.ab.ca/Proceeding16808/SitePages/ManageApplications.aspx?AppNumber=1557947-2
1557947-1,16808,https://www2.auc.ab.ca/Proceeding16808/ProceedingDocuments/Forms/AllItems.aspx,https://www2.auc.ab.ca/Proceeding16808/SitePages/ManageApplications.aspx?AppNumber=1557947-1
1552197-2,16718,https://www2.auc.ab.ca/Proceeding16718/ProceedingDocuments/Forms/AllItems.aspx,https://www2.auc.ab.ca/Proceeding16718/SitePages/ManageApplications.aspx?AppNumber=1552197-2
1552197-1,16718,https://www2.auc.ab.ca/Proceeding16718/ProceedingDocuments/Forms/AllItems.aspx,https://www2.auc.ab.ca/Proceeding16718/SitePages/ManageApplications.aspx?AppNumber=1552197-1
1551921-2,16713,https://www2.auc.ab.ca/Proceeding16713/ProceedingDocuments/Forms/AllItems.aspx,https://www2.auc.ab.ca/Proceeding16713/SitePages/ManageApplications.aspx?AppNumber=1551921-2
1551921-1,16713,https://www2.auc.ab.ca/Proceeding16713/ProceedingDocuments/Forms/AllItems.aspx,https://www2.auc.ab.ca/Proceeding16713/SitePages/ManageApplications.aspx?AppNumber=1551921-1
1550595-2,16702,https://www2.auc.ab.ca/Proceeding16702/ProceedingDocuments/Forms/AllItems.aspx,https://www2.auc.ab.ca/Proceeding16702/SitePages/ManageApplications.aspx?AppNumber=1550595-2
1550595-1,16702,https://www2.auc.ab.ca/Proceeding16702/ProceedingDocuments/Forms/AllItems.aspx,https://www2.auc.ab.ca/Proceeding16702/SitePages/ManageApplications.aspx?AppNumber=1550595-1
1547339-2,16648,https://www2.auc.ab.ca/Proceeding16648/ProceedingDocuments/Forms/AllItems.aspx,https://www2.auc.ab.ca/Proceeding16648/SitePages/ManageApplications.aspx?AppNumber=1547339-2
1547339-1,16648,https://www2.auc.ab.ca/Proceeding16648/ProceedingDocuments/Forms/AllItems.aspx,https://www2.auc.ab.ca/Proceeding16648/SitePages/ManageApplications.aspx?AppNumber=1547339-1
1546018-3,16624,https://www2.auc.ab.ca/Proceeding16624/ProceedingDocuments/Forms/AllItems.aspx,https://www2.auc.ab.ca/Proceeding16624/SitePages/ManageApplications.aspx?AppNumber=1546018-3
1546018-2,16624,https://www2.auc.ab.ca/Proceeding16624/ProceedingDocuments/Forms/AllItems.aspx,https://www2.auc.ab.ca/Proceeding16624/SitePages/ManageApplications.aspx?AppNumber=1546018-2
1546018-1,16624,https://www2.auc.ab.ca/Proceeding16624/ProceedingDocuments/Forms/AllItems.aspx,https://www2.auc.ab.ca/Proceeding16624/SitePages/ManageApplications.aspx?AppNumber=1546018-1
1545768-2,16622,https://www2.auc.ab.ca/Proceeding16622/ProceedingDocuments/Forms/AllItems.aspx,https://www2.auc.ab.ca/Proceeding16622/SitePages/ManageApplications.aspx?AppNumber=1545768-2
1545768-1,16622,https://www2.auc.ab.ca/Proceeding16622/ProceedingDocuments/Forms/AllItems.aspx,https://www2.auc.ab.ca/Proceeding16622/SitePages/ManageApplications.aspx?AppNumber=1545768-1
1530713-2,16566,https://www2.auc.ab.ca/Proceeding16566/ProceedingDocuments/Forms/AllItems.aspx,https://www2.auc.ab.ca/Proceeding16566/SitePages/ManageApplications.aspx?AppNumber=1530713-2
1530713-1,16566,https://www2.auc.ab.ca/Proceeding16566/ProceedingDocuments/Forms/AllItems.aspx,https://www2.auc.ab.ca/Proceeding16566/SitePages/ManageApplications.aspx?AppNumber=1530713-1
1525402-2,16498,https://www2.auc.ab.ca/Proceeding16498/ProceedingDocuments/Forms/AllItems.aspx,https://www2.auc.ab.ca/Proceeding16498/SitePages/ManageApplications.aspx?AppNumber=1525402-2
1525402-1,16498,https://www2.auc.ab.ca/Proceeding16498/ProceedingDocuments/Forms/AllItems.aspx,https://www2.auc.ab.ca/Proceeding16498/SitePages/ManageApplications.aspx?AppNumber=1525402-1
1520318-4,16426,https://www2.auc.ab.ca/Proceeding16426/ProceedingDocuments/Forms/AllItems.aspx,https://www2.auc.ab.ca/Proceeding16426/SitePages/ManageApplications.aspx?AppNumber=1520318-4
1520318-3,16426,https://www2.auc.ab.ca/Proceeding16426/ProceedingDocuments/Forms/AllItems.aspx,https://www2.auc.ab.ca/Proceeding16426/SitePages/ManageApplications.aspx?AppNumber=1520318-3
1520318-2,16426,https://www2.auc.ab.ca/Proceeding16426/ProceedingDocuments/Forms/AllItems.aspx,https://www2.auc.ab.ca/Proceeding16426/SitePages/ManageApplications.aspx?AppNumber=1520318-2
1520318-1,16426,https://www2.auc.ab.ca/Proceeding16426/ProceedingDocuments/Forms/AllItems.aspx,https://www2.auc.ab.ca/Proceeding16426/SitePages/ManageApplications.aspx?AppNumber=1520318-1
1519102-2,16398,https://www2.auc.ab.ca/Proceeding16398/ProceedingDocuments/Forms/AllItems.aspx,https://www2.auc.ab.ca/Proceeding16398/SitePages/ManageApplications.aspx?AppNumber=1519102-2
1519102-1,16398,https://www2.auc.ab.ca/Proceeding16398/ProceedingDocuments/Forms/AllItems.aspx,https://www2.auc.ab.ca/Proceeding16398/SitePages/ManageApplications.aspx?AppNumber=1519102-1
1510749-2,16211,https://www2.auc.ab.ca/Proceeding16211/ProceedingDocuments/Forms/AllItems.aspx,https://www2.auc.ab.ca/Proceeding16211/SitePages/ManageApplications.aspx?AppNumber=1510749-2
1510749-1,16211,https://www2.auc.ab.ca/Proceeding16211/ProceedingDocuments/Forms/AllItems.aspx,https://www2.auc.ab.ca/Proceeding16211/SitePages/ManageApplications.aspx?AppNumber=1510749-1
1507591-2,16101,https://www2.auc.ab.ca/Proceeding16101/ProceedingDocuments/Forms/AllItems.aspx,https://www2.auc.ab.ca/Proceeding16101/SitePages/ManageApplications.aspx?AppNumber=1507591-2
1507591-1,16101,https://www2.auc.ab.ca/Proceeding16101/ProceedingDocuments/Forms/AllItems.aspx,https://www2.auc.ab.ca/Proceeding16101/SitePages/ManageApplications.aspx?AppNumber=1507591-1
1504631-1,16056,https://www2.auc.ab.ca/Proceeding16056/ProceedingDocuments/Forms/AllItems.aspx,https://www2.auc.ab.ca/Proceeding16056/SitePages/ManageApplications.aspx?AppNumber=1504631-1
1503772-1,16040,https://www2.auc.ab.ca/Proceeding16040/ProceedingDocuments/Forms/AllItems.aspx,https://www2.auc.ab.ca/Proceeding16040/SitePages/ManageApplications.aspx?AppNumber=1503772-1
1485417-4,15821,https://www2.auc.ab.ca/Proceeding15821/ProceedingDocuments/Forms/AllItems.aspx,https://www2.auc.ab.ca/Proceeding15821/SitePages/ManageApplications.aspx?AppNumber=1485417-4
1485417-3,15821,https://www2.auc.ab.ca/Proceeding15821/ProceedingDocuments/Forms/AllItems.aspx,https://www2.auc.ab.ca/Proceeding15821/SitePages/ManageApplications.aspx?AppNumber=1485417-3
1485417-2,15821,https://www2.auc.ab.ca/Proceeding15821/ProceedingDocuments/Forms/AllItems.aspx,https://www2.auc.ab.ca/Proceeding15821/SitePages/ManageApplications.aspx?AppNumber=1485417-2
1485417-1,15821,https://www2.auc.ab.ca/Proceeding15821/ProceedingDocuments/Forms/AllItems.aspx,https://www2.auc.ab.ca/Proceeding15821/SitePages/ManageApplications.aspx?AppNumber=1485417-1
1483090-2,15779,https://www2.auc.ab.ca/Proceeding15779/ProceedingDocuments/Forms/AllItems.aspx,https://www2.auc.ab.ca/Proceeding15779/SitePages/ManageApplications.aspx?AppNumber=1483090-2
1483090-1,15779,https://www2.auc.ab.ca/Proceeding15779/ProceedingDocuments/Forms/AllItems.aspx,https://www2.auc.ab.ca/Proceeding15779/SitePages/ManageApplications.aspx?AppNumber=1483090-1
1481153-2,15754,https://www2.auc.ab.ca/Proceeding15754/ProceedingDocuments/Forms/AllItems.aspx,https://www2.auc.ab.ca/Proceeding15754/SitePages/ManageApplications.aspx?AppNumber=1481153-2
1481153-1,15754,https://www2.auc.ab.ca/Proceeding15754/ProceedingDocuments/Forms/AllItems.aspx,https://www2.auc.ab.ca/Proceeding15754/SitePages/ManageApplications.aspx?AppNumber=1481153-1
1479170-2,15728,https://www2.auc.ab.ca/Proceeding15728/ProceedingDocuments/Forms/AllItems.aspx,https://www2.auc.ab.ca/Proceeding15728/SitePages/ManageApplications.aspx?AppNumber=1479170-2
1479170-1,15728,https://www2.auc.ab.ca/Proceeding15728/ProceedingDocuments/Forms/AllItems.aspx,https://www2.auc.ab.ca/Proceeding15728/SitePages/ManageApplications.aspx?AppNumber=1479170-1
1441527-2,15203,https://www2.auc.ab.ca/Proceeding15203/ProceedingDocuments/Forms/AllItems.aspx,https://www2.auc.ab.ca/Proceeding15203/SitePages/ManageApplications.aspx?AppNumber=1441527-2
1441527-1,15203,https://www2.auc.ab.ca/Proceeding15203/ProceedingDocuments/Forms/AllItems.aspx,https://www2.auc.ab.ca/Proceeding15203/SitePages/ManageApplications.aspx?AppNumber=1441527-1
1416832-2,14948,https://www2.auc.ab.ca/Proceeding14948/ProceedingDocuments/Forms/AllItems.aspx,https://www2.auc.ab.ca/Proceeding14948/SitePages/ManageApplications.aspx?AppNumber=1416832-2
1416832-1,14948,https://www2.auc.ab.ca/Proceeding14948/ProceedingDocuments/Forms/AllItems.aspx,https://www2.auc.ab.ca/Proceeding14948/SitePages/ManageApplications.aspx?AppNumber=1416832-1
1363006-2,14249,https://www2.auc.ab.ca/Proceeding14249/ProceedingDocuments/Forms/AllItems.aspx,https://www2.auc.ab.ca/Proceeding14249/SitePages/ManageApplications.aspx?AppNumber=1363006-2
1363006-1,14249,https://www2.auc.ab.ca/Proceeding14249/ProceedingDocuments/Forms/AllItems.aspx,https://www2.auc.ab.ca/Proceeding14249/SitePages/ManageApplications.aspx?AppNumber=1363006-1
1362103-2,14236,https://www2.auc.ab.ca/Proceeding14236/ProceedingDocuments/Forms/AllItems.aspx,https://www2.auc.ab.ca/Proceeding14236/SitePages/ManageApplications.aspx?AppNumber=1362103-2
1362103-1,14236,https://www2.auc.ab.ca/Proceeding14236/ProceedingDocuments/Forms/AllItems.aspx,https://www2.auc.ab.ca/Proceeding14236/SitePages/ManageApplications.aspx?AppNumber=1362103-1
1353460-2,14105,https://www2.auc.ab.ca/Proceeding14105/ProceedingDocuments/Forms/AllItems.aspx,https://www2.auc.ab.ca/Proceeding14105/SitePages/ManageApplications.aspx?AppNumber=1353460-2
1353460-1,14105,https://www2.auc.ab.ca/Proceeding14105/ProceedingDocuments/Forms/AllItems.aspx,https://www2.auc.ab.ca/Proceeding14105/SitePages/ManageApplications.aspx?AppNumber=1353460-1
1346882-1,14019,https://www2.auc.ab.ca/Proceeding14019/ProceedingDocuments/Forms/AllItems.aspx,https://www2.auc.ab.ca/Proceeding14019/SitePages/ManageApplications.aspx?AppNumber=1346882-1
1325262-2,13793,https://www2.auc.ab.ca/Proceeding13793/ProceedingDocuments/Forms/AllItems.aspx,https://www2.auc.ab.ca/Proceeding13793/SitePages/ManageApplications.aspx?AppNumber=1325262-2
1325262-1,13793,https://www2.auc.ab.ca/Proceeding13793/ProceedingDocuments/Forms/AllItems.aspx,https://www2.auc.ab.ca/Proceeding13793/SitePages/ManageApplications.aspx?AppNumber=1325262-1
1293968-1,13501,https://www2.auc.ab.ca/Proceeding13501/ProceedingDocuments/Forms/AllItems.aspx,https://www2.auc.ab.ca/Proceeding13501/SitePages/ManageApplications.aspx?AppNumber=1293968-1
1282778-1,13353,https://www2.auc.ab.ca/Proceeding13353/ProceedingDocuments/Forms/AllItems.aspx,https://www2.auc.ab.ca/Proceeding13353/SitePages/ManageApplications.aspx?AppNumber=1282778-1
1277700-1,13259,https://www2.auc.ab.ca/Proceeding13259/ProceedingDocuments/Forms/AllItems.aspx,https://www2.auc.ab.ca/Proceeding13259/SitePages/ManageApplications.aspx?AppNumber=1277700-1
1277254-1,13253,https://www2.auc.ab.ca/Proceeding13253/ProceedingDocuments/Forms/AllItems.aspx,https://www2.auc.ab.ca/Proceeding13253/SitePages/ManageApplications.aspx?AppNumber=1277254-1
1575267-1,17128,https://www2.auc.ab.ca/Proceeding17128/ProceedingDocuments/Forms/AllItems.aspx,https://www2.auc.ab.ca/Proceeding17128/SitePages/ManageApplications.aspx?AppNumber=1575267-1
1474405-1,15669,https://www2.auc.ab.ca/Proceeding15669/ProceedingDocuments/Forms/AllItems.aspx,https://www2.auc.ab.ca/Proceeding15669/SitePages/ManageApplications.aspx?AppNumber=1474405-1
1608074-1,1676,https://www2.auc.ab.ca/Proceeding1676/ProceedingDocuments/Forms/AllItems.aspx,https://www2.auc.ab.ca/Proceeding1676/SitePages/ManageApplications.aspx?AppNumber=1608074-1
1607923-1,1608,https://www2.auc.ab.ca/Proceeding1608/ProceedingDocuments/Forms/AllItems.aspx,https://www2.auc.ab.ca/Proceeding1608/SitePages/ManageApplications.aspx?AppNumber=1607923-1
1569878-1,17020,https://www2.auc.ab.ca/Proceeding17020/ProceedingDocuments/Forms/AllItems.aspx,https://www2.auc.ab.ca/Proceeding17020/SitePages/ManageApplications.aspx?AppNumber=1569878-1
1569870-2,17019,https://www2.auc.ab.ca/Proceeding17019/ProceedingDocuments/Forms/AllItems.aspx,https://www2.auc.ab.ca/Proceeding17019/SitePages/ManageApplications.aspx?AppNumber=1569870-2
1569870-1,17019,https://www2.auc.ab.ca/Proceeding17019/ProceedingDocuments/Forms/AllItems.aspx,https://www2.auc.ab.ca/Proceeding17019/SitePages/ManageApplications.aspx?AppNumber=1569870-1
1277698-1,13258,https://www2.auc.ab.ca/Proceeding13258/ProceedingDocuments/Forms/AllItems.aspx,https://www2.auc.ab.ca/Proceeding13258/SitePages/ManageApplications.aspx?AppNumber=1277698-1
1210308-1,5713,https://www2.auc.ab.ca/Proceeding5713/ProceedingDocuments/Forms/AllItems.aspx,https://www2.auc.ab.ca/Proceeding5713/SitePages/ManageApplications.aspx?AppNumber=1210308-1
